Gen_Index,Name,Zone,Category,Capacity,Fuel_Cost,Can_Spin
1,General Foods 1 NUG,DPL,CC,16.1,35.4431139363673,1
2,Kent CT 2,DPL,CT,44.0,35.4431139363673,1
3,Kent CT 1,DPL,CC,44.0,35.4431139363673,1
4,LGP NUG (Logan),DPL,ST,219.0,24.862033623000002,1
5,Kinsley Landfill,AE,DS,3.0,133.02623425,1
6,Cogentrix Portsmouth 2 (Lk.Kingman),DOM,ST,57.5,21.70291473,1
7,Cogentrix Portsmouth 1 (Lk.Kingman),DOM,ST,57.5,21.70291473,1
8,PCLP1 NUG,AE,CC,116.0,43.0779712461988,1
9,Gilberton NUG,PPL,ST,82.0,26.813964198,1
10,Harrisburg NUG,METED,ST,11.0,21.70291473,1
12,IUP NUG,PENELEC,DS,18.1,133.02623425,1
13,Colver NUG,PENELEC,ST,110.0,22.70655702,1
14,Grant Town,APS,ST,80.0,28.839179460000004,1
17,South River NUG,PSEG,CC,325.9,40.422039070339196,1
18,Mt Carmel Cogen (FosterWheeler),PPL,ST,43.0,29.750566146,1
19,Cogentrix Hopewell 2 (James River),DOM,ST,46.0,14.984207353500002,1
20,Cogentrix Hopewell 1 (James River),DOM,ST,46.0,14.984207353500002,1
24,Edgecombe 2 (Rocky Mt),DOM,ST,58.0,101.63548101000002,1
25,Edgecombe 1 (Rocky Mt),DOM,ST,58.0,101.63548101000002,1
26,Camden County RR NUG,AE,ST,23.0,46.393593288000005,1
32,CPGP NUG (Chambers/Carneys PT),DPL,ST,239.9,21.649745019,1
33,Ebensburg NUG,PENELEC,ST,50.0,31.953291552000003,1
35,Baltimore Resco NUG (Bresco),BG&E,ST,57.0,26.597575116,1
36,Hopewell Cogen 1 (HCF),DOM,CC,400.0,42.3538161163252,1
37,Cambria County NUG,PENELEC,ST,88.0,22.563794085,1
38,Essex County RR NUG (Covanta),PSEG,ST,65.0,46.617459504,1
39,AES Beaver,AEP,ST,125.1,21.70291473,1
40,Warrior Run,APS,ST,180.0,18.612753669299998,1
42,Del Resource Mgmt Inc NUG,AE,ST,75.0,39.301063053,1
43,Camden COGEN,AE,CC,159.0,44.0453788767773,1
44,Hopewell Coal (Polyester),DOM,ST,63.0,33.569039301,1
45,Altavista (Hall Branch),DOM,ST,63.0,31.673468862000004,1
46,Southampton 1,DOM,ST,63.0,32.543955948000004,1
47,Kenilworth NUG,PSEG,CC,15.0,40.454658654477505,1
48,Hazelton LM 200,PPL,CT,30.0,69.89154992721501,1
49,Hazelton LM 400,PPL,CT,31.2,69.89154992721501,1
50,Hazelton GT 100,PPL,CT,59.0,69.89154992721501,1
51,Hazelton LM 300,PPL,CT,31.0,69.89154992721501,1
52,Big Sandy 1,AEP,CT,56.0,48.770668812438,1
53,Big Sandy (AEP) 2,AEP,ST,800.0,21.70291473,1
54,Big Sandy 4,AEP,CT,56.0,48.770668812438,1
55,Big Sandy (AEP) 1,AEP,ST,280.0,21.558592314,1
56,Big Sandy 5,AEP,CT,56.0,48.770668812438,1
57,Big Sandy 3,AEP,CT,56.0,48.770668812438,1
58,Big Sandy 6,AEP,CT,56.0,48.770668812438,1
59,Big Sandy 2,AEP,CT,56.0,48.770668812438,1
60,Barkley 3,SERC,HD,32.0,0.0,1
61,Barkley 2,SERC,HD,32.0,0.0,1
62,Barkley 1,SERC,HD,32.0,0.0,1
63,Barkley 4,SERC,HD,32.0,0.0,1
64,Elmer Smith 1,MISO,ST,151.0,24.605102991000003,1
65,Elmer Smith 2,MISO,ST,290.0,24.605102991000003,1
66,Wolf Creek 6,SERC,HD,45.0,0.0,1
67,Wolf Creek 5,SERC,HD,45.0,0.0,1
68,Wolf Creek 4,SERC,HD,45.0,0.0,1
69,Wolf Creek 1,SERC,HD,45.0,0.0,1
70,Wolf Creek 2,SERC,HD,45.0,0.0,1
71,Wolf Creek 3,SERC,HD,45.0,0.0,1
72,Cooper 2,EKPC,ST,225.0,22.708398468,1
73,Cooper 1,EKPC,ST,116.0,22.708398468,1
74,Dale 2,EKPC,ST,23.0,21.70291473,1
75,Dale 3,EKPC,ST,75.0,21.70291473,1
76,Dale 4,EKPC,ST,75.0,21.70291473,1
77,Dale 1,EKPC,ST,23.0,21.70291473,1
78,Charles Crane CT 1,BG&E,CT,14.0,59.436803774799,1
79,Charles Crane 1,BG&E,ST,190.0,26.273451897,1
80,Charles Crane 2,BG&E,ST,195.0,26.273451897,1
81,Gould St 3,BG&E,ST,104.0,27.853496013,1
82,Herbert Wagner 4,BG&E,ST,400.0,30.752873697000002,1
83,Herbert Wagner 2,BG&E,ST,135.0,30.752873697000002,1
84,Herbert Wagner 3,BG&E,ST,324.0,30.752873697000002,1
85,Herbert Wagner 1,BG&E,ST,131.0,30.752873697000002,1
86,Herbert Wagner CT 1,BG&E,CT,14.0,69.570322415399,1
87,Notch Cliff 3,BG&E,CT,16.0,79.42136172610002,1
88,Notch Cliff 2,BG&E,CT,16.0,79.42136172610002,1
89,Notch Cliff 5,BG&E,CT,16.0,79.42136172610002,1
90,Notch Cliff 7,BG&E,CT,16.0,79.42136172610002,1
91,Notch Cliff 6,BG&E,CT,16.0,79.42136172610002,1
92,Notch Cliff 8,BG&E,CT,16.0,79.42136172610002,1
93,Notch Cliff 1,BG&E,CT,16.0,79.42136172610002,1
94,Notch Cliff 4,BG&E,CT,16.0,79.42136172610002,1
95,Perryman 2,BG&E,CT,61.0,47.903907160463,1
96,Perryman 51,BG&E,CT,173.0,50.230901162866,1
98,Perryman 1,BG&E,CT,61.0,50.230901162866,1
99,Perryman 4,BG&E,CT,61.0,50.230901162866,1
100,Perryman 3,BG&E,CT,61.0,50.230901162866,1
101,Philadelphia Road 4,BG&E,CT,16.0,94.71480699489601,1
102,Philadelphia Road 1,BG&E,CT,16.0,94.71480699489601,1
103,Philadelphia Road 3,BG&E,CT,16.0,94.71480699489601,1
104,Philadelphia Road 2,BG&E,CT,16.0,94.71480699489601,1
105,Riverside 7,BG&E,CT,22.0,100.560694939733,1
106,Riverside 1 (Zelda 1),BG&E,CT,208.0,100.560694939733,1
107,Riverside 2 (Zelda 2),BG&E,CT,208.0,100.560694939733,1
108,Riverside 8,BG&E,CT,22.0,100.560694939733,1
109,Riverside 6,BG&E,CT,127.0,47.903907160463,1
110,Riverside 3 (Zelda 3),BG&E,CT,208.0,100.560694939733,1
111,Riverside 4,BG&E,ST,78.0,21.70291473,1
112,Westport 5,BG&E,CT,121.0,66.724683092316,1
113,Crisfield 14,DPL,DS,10.0,132.21805012000002,1
114,Vienna 10,DPL,CT,21.0,47.903907160463,1
115,Vienna 08,DPL,ST,156.0,21.70291473,1
116,Deep Creek 2,APS,HD,10.0,0.0,1
117,Deep Creek 1,APS,HD,10.0,0.0,1
120,Chalk Point CT 1,PEPCO,CT,18.0,61.433357850467004,1
121,Chalk Point SMECO CT,PEPCO,CT,93.0,61.433357850467004,1
122,Chalk Point CT 2,PEPCO,CT,35.0,61.433357850467004,1
123,Chalk Point CT 3,PEPCO,CT,99.0,61.433357850467004,1
124,Chalk Point 2,PEPCO,ST,343.0,27.156008901000003,1
125,Chalk Point 3,PEPCO,ST,612.0,27.156008901000003,1
126,Chalk Point CT 6,PEPCO,CT,120.0,61.433357850467004,1
127,Chalk Point CT 4,PEPCO,CT,99.0,61.433357850467004,1
128,Chalk Point 4,PEPCO,ST,612.0,27.156008901000003,1
129,Chalk Point 1,PEPCO,ST,341.0,27.156008901000003,1
130,Chalk Point CT 5,PEPCO,CT,120.0,61.433357850467004,1
131,Dickerson CT,PEPCO,CT,18.0,70.70216543124,1
132,Dickerson H CT 2,PEPCO,CT,167.0,70.70216543124,1
133,Dickerson 1,PEPCO,ST,182.0,31.253193720000002,1
134,Dickerson 3,PEPCO,ST,182.0,31.253193720000002,1
135,Dickerson H CT 1,PEPCO,CT,167.0,70.70216543124,1
136,Dickerson 2,PEPCO,ST,182.0,31.253193720000002,1
137,Morgantown CT 5,PEPCO,CT,65.0,49.59018099986,1
138,Morgantown CT 4,PEPCO,CT,65.0,49.59018099986,1
139,Morgantown CT 6,PEPCO,CT,65.0,49.59018099986,1
140,Morgantown CT 3,PEPCO,CT,65.0,49.59018099986,1
141,Morgantown CT 2,PEPCO,CT,20.0,49.59018099986,1
142,Morgantown 2,PEPCO,ST,620.0,21.920849580000002,1
143,Morgantown 1,PEPCO,ST,624.0,21.920849580000002,1
144,Morgantown CT 1,PEPCO,CT,20.0,49.59018099986,1
145,Conowingo 10,DPL,HD,65.0,0.0,1
146,Conowingo 01,DPL,HD,48.0,0.0,1
147,Conowingo 11,DPL,HD,65.0,0.0,1
148,Conowingo 09,DPL,HD,65.0,0.0,1
149,Conowingo 07,DPL,HD,48.0,0.0,1
150,Conowingo 04,DPL,HD,48.0,0.0,1
151,Conowingo 05,DPL,HD,36.0,0.0,1
152,Conowingo 06,DPL,HD,48.0,0.0,1
153,Conowingo 02,DPL,HD,36.0,0.0,1
154,Conowingo 08,DPL,HD,65.0,0.0,1
155,Conowingo 03,DPL,HD,48.0,0.0,1
156,Easton 12,DPL,DS,4.1,277.79555557000003,1
157,Easton 11,DPL,DS,3.6,277.79555557000003,1
158,Easton 07,DPL,DS,2.0,277.79555557000003,1
159,Easton101,DPL,DS,1.5,277.79555557000003,1
160,Easton 13,DPL,DS,5.6,277.79555557000003,1
161,Easton 10,DPL,DS,3.5,277.79555557000003,1
162,Easton102,DPL,DS,1.5,277.79555557000003,1
163,Easton 14,DPL,DS,5.6,277.79555557000003,1
164,Easton 08,DPL,DS,2.0,277.79555557000003,1
165,Easton 09,DPL,DS,2.5,277.79555557000003,1
166,Berr Sprg 12,AEP,HD,0.6,0.0,1
167,Berr Sprg 09,AEP,HD,0.6,0.0,1
168,Berr Sprg 01,AEP,HD,0.6,0.0,1
169,Berr Sprg 02,AEP,HD,0.6,0.0,1
170,Berr Sprg 05,AEP,HD,0.6,0.0,1
171,Berr Sprg 07,AEP,HD,0.6,0.0,1
172,Berr Sprg 04,AEP,HD,0.6,0.0,1
173,Berr Sprg 10,AEP,HD,0.6,0.0,1
174,Berr Sprg 11,AEP,HD,0.6,0.0,1
175,Berr Sprg 08,AEP,HD,0.6,0.0,1
176,Berr Sprg 06,AEP,HD,0.6,0.0,1
177,Berr Sprg 03,AEP,HD,0.6,0.0,1
178,Buchanan 10,AEP,HD,0.5,0.0,1
179,Buchanan 01,AEP,HD,0.4,0.0,1
180,Buchanan 06,AEP,HD,0.4,0.0,1
181,Buchanan 05,AEP,HD,0.4,0.0,1
182,Buchanan 04,AEP,HD,0.4,0.0,1
183,Buchanan 08,AEP,HD,0.5,0.0,1
184,Buchanan 09,AEP,HD,0.5,0.0,1
185,Buchanan 07,AEP,HD,0.5,0.0,1
186,Buchanan 03,AEP,HD,0.4,0.0,1
187,Buchanan 02,AEP,HD,0.4,0.0,1
188,Constantine 2,AEP,HD,0.3,0.0,1
189,Constantine 1,AEP,HD,0.3,0.0,1
190,Constantine 4,AEP,HD,0.3,0.0,1
191,Constantine 3,AEP,HD,0.3,0.0,1
192,Mottville 1,AEP,HD,1.0,0.0,1
193,Mottville 4,AEP,HD,1.0,0.0,1
194,Mottville 2,AEP,HD,1.0,0.0,1
195,Mottville 3,AEP,HD,1.0,0.0,1
196,Clinton 1,MISO,NU,1065.1,5.22956383,1
197,England Diesel 4,AE,DS,2.0,133.02623425,1
198,England Diesel 2,AE,DS,2.0,133.02623425,1
199,England Diesel 3,AE,DS,2.0,133.02623425,1
200,England 2,AE,ST,155.0,23.828079954,1
201,England Diesel 1,AE,DS,2.0,133.02623425,1
202,England 1,AE,ST,129.0,21.70291473,1
203,England 3,AE,ST,160.0,21.70291473,1
204,Carll s Corner 1,AE,CT,43.0,79.556667125405,1
205,Carll s Corner 2,AE,CT,43.0,79.556667125405,1
206,Cedar Station 2,JCPL,CT,26.0,47.903907160463,1
207,Cedar Station 1,JCPL,CT,52.0,47.903907160463,1
208,Middle Station 1,AE,CT,23.0,47.903907160463,1
209,Middle Station 3,AE,CT,44.0,47.903907160463,1
210,Middle Station 2,AE,CT,23.0,47.903907160463,1
211,Missouri Ave C,AE,CT,24.0,47.903907160463,1
212,Missouri Ave B,AE,CT,24.0,47.903907160463,1
213,Missouri Ave D,AE,CT,24.0,47.903907160463,1
214,Deepwater 1,DPL,ST,87.0,21.70291473,1
218,Deepwater 6/8,DPL,ST,81.0,21.70291473,1
220,Werner C3,PSEG,CT,73.0,47.903907160463,1
221,Werner C2,PSEG,CT,73.0,47.903907160463,1
223,Werner C4,PSEG,CT,73.0,47.903907160463,1
224,Werner C1,PSEG,CT,73.0,47.903907160463,1
225,Oyster Creek 1,JCPL,NU,637.0,5.22956384,1
226,Sayreville C4,PSEG,CT,77.0,47.903907160463,1
227,Sayreville C3,PSEG,CT,77.0,47.903907160463,1
229,Sayreville C1,PSEG,CT,77.0,47.903907160463,1
230,Sayreville C2,PSEG,CT,73.0,47.903907160463,1
232,Gilbert 6,JCPL,CC,70.0,117.345574776501,1
233,Gilbert C4,JCPL,CT,31.0,47.903907160463,1
234,Gilbert C3,JCPL,CT,31.0,47.903907160463,1
235,Gilbert C1,JCPL,CT,31.0,47.903907160463,1
236,Gilbert 7,JCPL,CC,70.0,117.345574776501,1
237,Gilbert 5,JCPL,CC,70.0,117.345574776501,1
240,Gilbert 4,JCPL,CC,70.0,117.345574776501,1
241,Gilbert C2,JCPL,CT,31.0,47.903907160463,1
242,Gilbert CT 9,JCPL,CT,183.0,117.345574776501,1
243,Gilbert 8CC,JCPL,CC,117.1,117.345574776501,1
247,Bergen 3,RE,CT,24.0,47.903907160463,1
249,Bergen 2CC,RE,CC,596.0,36.2394783855463,1
250,Bergen 1CC,RE,CC,675.0,36.2394783855463,1
252,Burlington 092,PSEG,CT,52.0,47.903907160463,1
253,Burlington 093,PSEG,CT,52.0,47.903907160463,1
254,Burlington 124,PSEG,CT,42.0,54.815574886941,1
257,Burlington 091,PSEG,CT,52.0,47.903907160463,1
258,Burlington 112,PSEG,CT,52.0,47.903907160463,1
259,Burlington 123,PSEG,CT,42.0,54.815574886941,1
260,Burlington 113,PSEG,CT,52.0,47.903907160463,1
261,Burlington 008,PSEG,CT,24.0,47.903907160463,1
262,Burlington 122,PSEG,CT,42.0,54.815574886941,1
263,Burlington 111,PSEG,CT,52.0,47.903907160463,1
264,Burlington 094,PSEG,CT,52.0,47.903907160463,1
265,Burlington 114,PSEG,CT,52.0,47.903907160463,1
266,Burlington 121,PSEG,CT,42.0,54.815574886941,1
267,Edison 32,PSEG,CT,48.0,47.903907160463,1
268,Edison 34,PSEG,CT,48.0,47.903907160463,1
269,Edison 13,PSEG,CT,48.0,47.903907160463,1
270,Edison 31,PSEG,CT,48.0,47.903907160463,1
271,Edison 24,PSEG,CT,48.0,47.903907160463,1
272,Edison 14,PSEG,CT,48.0,47.903907160463,1
273,Edison 33,PSEG,CT,48.0,47.903907160463,1
274,Edison 21,PSEG,CT,48.0,47.903907160463,1
275,Edison 12,PSEG,CT,48.0,47.903907160463,1
276,Edison 11,PSEG,CT,48.0,47.903907160463,1
277,Edison 22,PSEG,CT,48.0,47.903907160463,1
278,Edison 23,PSEG,CT,48.0,47.903907160463,1
279,Essex 123,PSEG,CT,53.0,47.903907160463,1
280,Essex 122,PSEG,CT,53.0,47.903907160463,1
281,Essex 114,PSEG,CT,53.0,47.903907160463,1
282,Essex 103,PSEG,CT,48.0,47.903907160463,1
283,Essex 121,PSEG,CT,53.0,47.903907160463,1
284,Essex 101,PSEG,CT,48.0,47.903907160463,1
285,Essex 9,PSEG,CT,93.0,70.269467922187,1
286,Essex 104,PSEG,CT,48.0,47.903907160463,1
287,Essex 124,PSEG,CT,53.0,47.903907160463,1
288,Essex 112,PSEG,CT,53.0,47.903907160463,1
289,Essex 111,PSEG,CT,53.0,47.903907160463,1
290,Essex 113,PSEG,CT,53.0,47.903907160463,1
291,Essex 102,PSEG,CT,48.0,47.903907160463,1
292,Hudson 2,PSEG,ST,620.0,21.70291473,1
297,Kearney 133,PSEG,CT,46.9,51.012832177826,1
298,Kearney 132,PSEG,CT,46.9,51.012832177826,1
299,Kearney 134,PSEG,CT,46.9,51.012832177826,1
301,Kearney 142,PSEG,CT,46.9,51.012832177826,1
303,Kearney 124,PSEG,CT,44.0,51.012832177826,1
305,Kearney 131,PSEG,CT,46.9,51.012832177826,1
306,Kearney 09,PSEG,CT,24.0,47.903907160463,1
308,Kearney 122,PSEG,CT,44.0,51.012832177826,1
309,Kearney 121,PSEG,CT,44.0,51.012832177826,1
310,Kearney 141,PSEG,CT,46.9,51.012832177826,1
313,Kearney 123,PSEG,CT,44.0,51.012832177826,1
316,Linden 1,PSEG,CC,642.9,35.073581572990506,1
317,Linden 2,PSEG,CC,643.1,35.073581572990506,1
320,Linden 8,PSEG,CT,98.0,35.073581572990506,1
325,Linden 7,PSEG,CT,98.0,35.073581572990506,1
326,Linden 6,PSEG,CT,86.0,35.073581572990506,1
327,Linden 5,PSEG,CT,86.0,35.073581572990506,1
331,Mercer 1,PSEG,ST,325.0,21.70291473,1
332,Mercer 2,PSEG,ST,325.0,21.70291473,1
333,Mercer 3,PSEG,CT,140.0,47.903907160463,1
334,National Park,AE,CT,24.0,47.903907160463,1
335,Salem 1,AE,NU,1174.0,5.22962141,1
336,Salem 3,AE,CT,46.0,49.688724864974,1
337,Salem 2,AE,NU,1155.8,5.22962141,1
338,Sewaren 1,PSEG,ST,107.0,62.859488118,1
339,Sewaren 2,PSEG,ST,120.0,62.859488118,1
340,Sewaren 6,PSEG,CT,140.0,47.903907160463,1
341,Sewaren 3,PSEG,ST,109.0,62.859488118,1
342,Sewaren 4,PSEG,ST,127.0,62.859488118,1
343,Vineland CT 11,AE,CT,62.9,48.730126053596,1
349,Gaston 4,DOM,HD,57.0,0.0,1
350,Gaston 2,DOM,HD,56.0,0.0,1
351,Gaston 1,DOM,HD,56.0,0.0,1
352,Gaston 3,DOM,HD,56.0,0.0,1
355,Roanoke Rapids 1,DOM,HD,26.0,0.0,1
356,Roanoke Rapids 3,DOM,HD,25.0,0.0,1
357,Roanoke Rapids 4,DOM,HD,23.0,0.0,1
358,Roanoke Rapids 2,DOM,HD,25.0,0.0,1
359,Buxton 3,DOM,DS,3.0,183.24020442,1
360,Buxton 1,DOM,DS,3.0,183.24020442,1
361,Buxton 2,DOM,DS,3.0,183.24020442,1
362,Buxton 5,DOM,DS,3.0,183.24020442,1
363,Buxton 4,DOM,DS,3.0,183.24020442,1
364,Cardinal 1,AEP,ST,600.0,21.01104033,1
365,Cardinal 3,AEP,ST,630.0,21.01104033,1
366,Cardinal 2,AEP,ST,600.0,21.01104033,1
368,Beckjord 5,DEOK,ST,238.0,21.70291473,1
369,Beckjord GT 4,DEOK,CT,61.0,47.903907160463,1
370,Beckjord GT 1,DEOK,CT,61.0,47.903907160463,1
372,Beckjord 6,DEOK,ST,420.0,21.70291473,1
373,Beckjord 4,DEOK,ST,150.0,21.70291473,1
374,Beckjord GT 3,DEOK,CT,61.0,47.903907160463,1
376,Beckjord GT 2,DEOK,CT,61.0,47.903907160463,1
377,Dicks Creek 5,DAY,CT,21.0,47.903907160463,1
378,Dicks Creek 4,DAY,CT,21.0,47.903907160463,1
379,Dicks Creek 3,DAY,CT,20.0,47.903907160463,1
380,Dicks Creek 1,DAY,CT,110.0,47.903907160463,1
381,Miami Fort 6,MISO,ST,163.0,21.70291473,1
382,Miami Fort GT 4,MISO,CT,20.0,48.953028089977,1
383,Miami Fort GT 3,MISO,CT,20.0,48.953028089977,1
384,Miami Fort 7,MISO,ST,510.0,21.639202431,1
385,Miami Fort GT 5,MISO,CT,20.0,48.953028089977,1
386,Miami Fort 8,MISO,ST,510.0,21.639202431,1
387,Miami Fort GT 6,MISO,CT,20.0,48.953028089977,1
388,Ashtabula 5,ATSI,ST,268.0,21.70291473,1
389,Avon Lake 7,ATSI,ST,94.0,21.70291473,1
390,Avon Lake 10,ATSI,CT,29.0,51.001937254995006,1
391,Avon Lake 9,ATSI,ST,640.0,22.544902485,1
392,Eastlake 2,ATSI,ST,145.0,21.70291473,1
393,Eastlake 6 CT,ATSI,CT,31.0,95.927596142883,1
394,Eastlake 3,ATSI,ST,145.0,21.70291473,1
397,Eastlake 1,ATSI,ST,145.0,21.70291473,1
398,Lake Shore D2,ATSI,DS,2.0,133.02623425,1
399,Lake Shore 18,ATSI,ST,268.0,21.70291473,1
400,Lake Shore D1,ATSI,DS,2.0,133.02623425,1
402,Conesville 6,AEP,ST,405.0,23.018162874,1
403,Conesville 4,AEP,ST,780.0,23.018162874,1
406,Conesville 5,AEP,ST,405.0,23.018162874,1
407,Picway 5,AEP,ST,96.1,21.70291473,1
408,Tait GT 2,DAY,CT,102.0,51.06566841807201,1
409,Tait GT 3,DAY,CT,102.0,51.06566841807201,1
410,Tait GT 1,DAY,CT,100.0,51.06566841807201,1
411,Tait D 4,DAY,DS,2.5,139.73807848,1
412,Tait D 1,DAY,DS,2.5,139.73807848,1
413,Tait D 3,DAY,DS,2.5,139.73807848,1
414,Tait D 2,DAY,DS,2.5,139.73807848,1
415,Hutchings CT 7,DAY,CT,25.0,47.903907160463,1
416,Hutchings 3,DAY,ST,63.0,21.70291473,1
417,Hutchings 6,DAY,ST,63.0,21.70291473,1
418,Hutchings 1,DAY,ST,58.0,21.70291473,1
419,Hutchings 2,DAY,ST,55.0,21.70291473,1
420,Hutchings 5,DAY,ST,63.0,21.70291473,1
422,Stuart 1,SERC,ST,585.0,21.70291473,1
423,Stuart 4,SERC,ST,585.0,21.85683087,1
425,Stuart 2,SERC,ST,585.0,21.85683087,1
426,Stuart D 2,SERC,DS,2.5,135.3041911,1
428,Stuart D 1,SERC,DS,2.5,135.3041911,1
430,Stuart 3,SERC,ST,585.0,21.85683087,1
432,Stuart D 4,SERC,DS,2.5,135.3041911,1
433,Stuart D 3,SERC,DS,2.5,135.3041911,1
434,Monument D 3,DAY,DS,2.4,142.25714281999998,1
435,Monument D 5,DAY,DS,2.4,142.25714281999998,1
436,Monument D 2,DAY,DS,2.4,142.25714281999998,1
437,Monument D 1,DAY,DS,2.4,142.25714281999998,1
438,Monument D 4,DAY,DS,2.4,142.25714281999998,1
439,Sidney D 3,DAY,DS,2.4,138.66666671,1
440,Sidney D 2,DAY,DS,2.4,138.66666671,1
441,Sidney D 4,DAY,DS,2.4,138.66666671,1
442,Sidney D 1,DAY,DS,2.4,138.66666671,1
443,Sidney D 5,DAY,DS,2.4,138.66666671,1
444,Yankee GT 4,DAY,CT,18.0,65.794279067847,1
445,Yankee GT 7,DAY,CT,18.0,65.794279067847,1
446,Yankee GT 5,DAY,CT,18.0,65.794279067847,1
447,Yankee GT 2,DAY,CT,22.0,65.794279067847,1
448,Yankee GT 1,DAY,CT,22.0,65.794279067847,1
449,Yankee GT 6,DAY,CT,18.0,65.794279067847,1
450,Yankee GT 3,DAY,CT,22.0,65.794279067847,1
455,Niles CT A,ATSI,CT,30.0,47.903907160463,1
458,Burger B2,AEP,DS,2.1,133.02623425,1
460,Burger B1,AEP,DS,3.0,133.02623425,1
463,Burger A,AEP,DS,2.1,133.02623425,1
465,Sammis B2,AEP,DS,3.0,145.3076859,1
466,Sammis B3,AEP,DS,2.6,145.3076859,1
467,Sammis 3,AEP,ST,180.0,23.472780030000003,1
468,Sammis 6,AEP,ST,600.0,23.472780030000003,1
469,Sammis 2,AEP,ST,180.0,23.472780030000003,1
470,Sammis 1,AEP,ST,180.0,23.472780030000003,1
471,Sammis A,AEP,DS,3.0,145.3076859,1
472,Sammis 5,AEP,ST,300.0,23.472780030000003,1
473,Sammis B1,AEP,DS,2.6,145.3076859,1
474,Sammis 4,AEP,ST,180.0,23.472780030000003,1
476,Sammis B4,AEP,DS,3.0,145.3076859,1
477,Sammis 7,AEP,ST,600.0,23.472780030000003,1
478,West Lorain 2,ATSI,CT,90.0,47.903907160463,1
479,West Lorain A (Beaver),ATSI,CT,64.0,47.903907160463,1
480,West Lorain 4,ATSI,CT,90.0,47.903907160463,1
481,West Lorain B (Beaver),ATSI,CT,64.0,47.903907160463,1
482,West Lorain 5,ATSI,CT,90.0,47.903907160463,1
483,West Lorain 3,ATSI,CT,90.0,47.903907160463,1
484,West Lorain 6,ATSI,CT,90.0,47.903907160463,1
485,Muskigum Rv 1,AEP,ST,203.1,21.70291473,1
486,Muskigum Rv 2,AEP,ST,200.1,21.70291473,1
487,Muskigum Rv 4,AEP,ST,210.1,21.70291473,1
488,Muskigum Rv 5,AEP,ST,600.0,21.70291473,1
489,Muskigum Rv 3,AEP,ST,210.1,21.70291473,1
490,Kyger Creek 5,AEP,ST,205.0,22.059126516000003,1
491,Kyger Creek 1,AEP,ST,205.0,22.059126516000003,1
492,Kyger Creek 3,AEP,ST,205.0,22.059126516000003,1
493,Kyger Creek 2,AEP,ST,205.0,22.059126516000003,1
494,Kyger Creek 4,AEP,ST,205.0,22.059126516000003,1
497,Bay Shore 1,ATSI,ST,150.0,21.157831275000003,1
498,Bay Shore CT,ATSI,CT,18.0,47.86405192292501,1
500,Richland 6,AEP,CT,135.0,47.903907160463,1
501,Richland 2,AEP,CT,15.0,47.903907160463,1
502,Richland 5,AEP,CT,135.0,47.903907160463,1
503,Richland 4,AEP,CT,135.0,47.903907160463,1
504,Richland 3,AEP,CT,18.0,47.903907160463,1
505,Richland 1,AEP,CT,15.0,47.903907160463,1
506,Stryker 1,ATSI,CT,19.0,180.77663684710603,1
507,Brunot Island 1A,DLCO,CT,20.0,54.880282888952,1
508,Brunot Island 1B,DLCO,CT,20.0,47.903907160463,1
509,Brunot Island 1C,DLCO,CT,20.0,47.903907160463,1
510,Brunot Island 2B,DLCO,CC,58.0,54.880282888952,1
511,Brunot Island 4,DLCO,CC,147.0,54.880282888952,1
512,Brunot Island 2A,DLCO,CC,58.0,54.880282888952,1
513,Brunot Island 3,DLCO,CC,58.0,54.880282888952,1
514,Elrama 4,DLCO,ST,175.0,21.70291473,1
515,Elrama 1,DLCO,ST,96.1,21.70291473,1
516,Elrama 3,DLCO,ST,110.1,21.70291473,1
517,Elrama 2,DLCO,ST,98.1,21.70291473,1
518,Hamilton 1,METED,CT,26.0,47.903907160463,1
519,Hunterstown 3,METED,CT,27.0,725.46972742522,1
520,Hunterstown 2,METED,CT,27.0,725.46972742522,1
521,Hunterstown 1,METED,CT,27.0,725.46972742522,1
522,Mountain 2,METED,CT,27.0,74.407374939159,1
523,Mountain 1,METED,CT,27.0,74.407374939159,1
524,Orrtanna 1,METED,CT,26.0,102.194211067955,1
525,Portland 4,JCPL,CT,26.0,134.712036875,1
526,Portland 1,JCPL,ST,158.0,59.548125,1
527,Portland 2,JCPL,ST,243.0,59.548125,1
528,Portland 3,JCPL,CT,19.0,134.712036875,1
529,Portland 5,JCPL,CT,156.0,134.712036875,1
530,Shawnee 1,JCPL,CT,26.0,47.903907160463,1
531,Titus 5,METED,CT,20.0,47.903907160463,1
535,Titus 4,METED,CT,19.0,47.903907160463,1
536,Tolna 2,BG&E,CT,27.0,349.7702875,1
537,Tolna 1,BG&E,CT,27.0,349.7702875,1
538,York Haven Hydro,METED,HD,19.0,0.0,1
539,Conemaugh Diesel B,PENELEC,DS,3.0,125.98704545700001,1
540,Conemaugh Diesel D,PENELEC,DS,3.0,125.98704545700001,1
541,Conemaugh Diesel A,PENELEC,DS,3.0,125.98704545700001,1
542,Conemaugh 2,PENELEC,ST,850.0,20.351753496900002,1
543,Conemaugh Diesel C,PENELEC,DS,3.0,125.98704545700001,1
544,Conemaugh 1,PENELEC,ST,850.4,20.351753496900002,1
545,Blossburg CT,PENELEC,CT,26.0,81.183047369678,1
546,Homer City 3,PENELEC,ST,650.0,22.127696976000003,1
548,Homer City 2,PENELEC,ST,614.0,22.127696976000003,1
551,Homer City 1,PENELEC,ST,620.0,22.127696976000003,1
552,Piney 2,PENELEC,HD,9.0,0.0,1
553,Piney 1,PENELEC,HD,9.0,0.0,1
554,Piney 3,PENELEC,HD,9.0,0.0,1
556,Seward 1,PENELEC,ST,525.0,23.401529928,1
558,Shawville 3,PPL,ST,180.0,22.980164507999998,1
559,Shawville 7,PPL,DS,2.0,142.25816124,1
560,Shawville 5,PPL,DS,2.0,142.25816124,1
561,Shawville 1,PPL,ST,128.0,22.980164507999998,1
562,Shawville 6,PPL,DS,2.0,142.25816124,1
563,Shawville 4,PPL,ST,180.0,22.980164507999998,1
564,Shawville 2,PPL,ST,130.0,22.980164507999998,1
565,Warren CT,PENELEC,CT,79.0,82.49743508287901,1
569,Keystone 2,PENELEC,ST,850.4,20.4536996265,1
570,Keystone Diesel 6,PENELEC,DS,3.0,126.61814054499999,1
571,Keystone 1,PENELEC,ST,850.0,20.4536996265,1
572,Keystone Diesel 5,PENELEC,DS,3.0,126.61814054499999,1
573,Keystone Diesel 3,PENELEC,DS,3.0,126.61814054499999,1
574,Keystone Diesel 4,PENELEC,DS,3.0,126.61814054499999,1
575,New Castle 5,AEP,ST,140.0,24.487239168000002,1
576,New Castle 4,AEP,ST,97.1,24.487239168000002,1
577,New Castle 3,AEP,ST,95.1,24.487239168000002,1
578,New Castle EMD B,AEP,DS,3.0,151.58767104,1
579,New Castle EMD A,AEP,DS,3.0,151.58767104,1
580,Allentown 4,PPL,CT,18.0,93.893551870658,1
581,Allentown 2,PPL,CT,18.0,93.893551870658,1
582,Allentown 1,PPL,CT,18.0,93.893551870658,1
583,Allentown 3,PPL,CT,18.0,93.893551870658,1
584,Brunner Island Diesel 1,PPL,DS,3.0,133.02623425,1
585,Brunner Island Diesel 3,PPL,DS,2.2,133.02623425,1
586,Brunner Island 2,PPL,ST,390.0,22.653257907,1
587,Brunner Island 3,PPL,ST,749.0,22.653257907,1
588,Brunner Island Diesel 2,PPL,DS,3.0,133.02623425,1
589,Brunner Island 1,PPL,ST,334.0,22.653257907,1
590,Fishbach 2,METED,CT,18.0,69.676933349169,1
591,Fishbach 1,METED,CT,18.0,69.676933349169,1
592,Harrisburg 1,METED,CT,18.0,78.56250186592801,1
593,Harrisburg 4,METED,CT,18.0,47.903907160463,1
594,Harrisburg 3,METED,CT,18.0,78.56250186592801,1
595,Harrisburg 2,METED,CT,18.0,78.56250186592801,1
596,Harwood 1,PPL,CT,18.0,82.054369836174,1
597,Harwood 2,PPL,CT,18.0,82.054369836174,1
598,Holtwood 01,PPL,HD,10.0,0.0,1
599,Holtwood 03,PPL,HD,12.7,0.0,1
600,Holtwood 13,PPL,HD,1.25,0.0,1
601,Holtwood 02,PPL,HD,11.7,0.0,1
602,Holtwood 05,PPL,HD,12.1,0.0,1
603,Holtwood 11,PPL,HD,1.25,0.0,1
604,Holtwood 04,PPL,HD,11.2,0.0,1
605,Holtwood 08,PPL,HD,11.0,0.0,1
606,Holtwood 09,PPL,HD,13.2,0.0,1
607,Holtwood 06,PPL,HD,12.5,0.0,1
610,Holtwood 10,PPL,HD,13.2,0.0,1
612,Holtwood 07,PPL,HD,11.4,0.0,1
613,Jenkins(Georgetown) 2,PPL,CT,18.0,75.76963897177801,1
614,Jenkins(Georgetown) 1,PPL,CT,18.0,75.76963897177801,1
615,Lockhaven 1,PPL,CT,18.0,68.71548212249701,1
619,Martins Creek CTG 3,JCPL,CT,24.0,54.956840324438,1
620,Martins Creek CTG 4,JCPL,CT,24.0,54.956840324438,1
621,Martins Creek 4,JCPL,ST,850.0,24.293128314,1
622,Martins Creek CTG 2,JCPL,CT,24.0,54.956840324438,1
623,Martins Creek CTG 1,JCPL,CT,24.0,54.956840324438,1
625,Martins Creek 3,JCPL,ST,850.0,24.293128314,1
626,Montour 2,PPL,ST,766.0,23.527397796000002,1
627,Montour 1,PPL,ST,761.0,23.527397796000002,1
628,Montour ATG,PPL,ST,15.0,23.527397796000002,1
629,Sunbury CTG 2,PPL,CT,24.0,74.184007714234,1
630,Sunbury Diesel 1,PPL,DS,3.0,203.00000006,1
631,Sunbury Diesel 2,PPL,DS,3.0,203.00000006,1
632,Sunbury 1,PPL,ST,76.0,21.70291473,1
633,Sunbury CTG 1,PPL,CT,24.0,74.184007714234,1
635,Sunbury 2,PPL,ST,76.0,21.70291473,1
636,Sunbury 4,PPL,ST,134.0,21.70291473,1
637,Sunbury 3,PPL,ST,103.0,21.70291473,1
638,Wallenpaupack 2,METED,HD,22.0,0.0,1
639,Wallenpaupack 1,METED,HD,22.0,0.0,1
640,West Shore 1,METED,CT,18.0,71.12761327707899,1
641,West Shore 2,METED,CT,18.0,71.12761327707899,1
642,Williamsport 1,PENELEC,CT,18.0,85.94059099056301,1
643,Williamsport 2,PENELEC,CT,18.0,85.94059099056301,1
644,Chester 9,AE,CT,18.0,69.370692490587,1
645,Chester 8,AE,CT,18.0,69.370692490587,1
646,Chester 7,AE,CT,18.0,69.370692490587,1
650,Delaware 12,AE,CT,18.0,63.431943515483,1
651,Delaware 11,AE,CT,18.0,63.431943515483,1
654,Delaware 09,AE,CT,20.0,63.431943515483,1
655,Delaware 10,AE,CT,18.0,63.431943515483,1
657,Eddystone 10,AE,CT,18.0,76.384304205676,1
658,Eddystone 30,AE,CT,20.0,76.384304205676,1
659,Eddystone 20,AE,CT,18.0,76.384304205676,1
660,Eddystone 04,AE,ST,380.0,33.764927028,1
661,Eddystone 40,AE,CT,20.0,76.384304205676,1
662,Eddystone 03,AE,ST,380.0,33.764927028,1
665,Falls 2,PSEG,CT,20.0,99.584916266959,1
666,Falls 1,PSEG,CT,20.0,99.584916266959,1
667,Falls 3,PSEG,CT,20.0,99.584916266959,1
668,Moser 2,PECO,CT,20.0,96.401131856811,1
669,Moser 3,PECO,CT,20.0,96.401131856811,1
670,Moser 1,PECO,CT,20.0,96.401131856811,1
671,Muddy Run 2,PPL,HD,133.0,0.0,1
672,Muddy Run 3,PPL,HD,134.0,0.0,1
673,Muddy Run 1,PPL,HD,134.0,0.0,1
674,Muddy Run 4,PPL,HD,134.0,0.0,1
675,Muddy Run 5,PPL,HD,134.0,0.0,1
676,Muddy Run 7,PPL,HD,134.0,0.0,1
677,Muddy Run 8,PPL,HD,134.0,0.0,1
678,Muddy Run 6,PPL,HD,133.0,0.0,1
679,Peach Bottom 3,PPL,NU,1226.7,5.229563845,1
680,Peach Bottom 2,PPL,NU,1223.7,5.229563845,1
681,Richmond 91,AE,CT,66.0,50.217744241737,1
682,Richmond 92,AE,CT,66.0,50.217744241737,1
683,Schuylkill 10,PECO,CT,18.0,68.356783939501,1
684,Schuylkill 11,PECO,CT,20.0,68.356783939501,1
687,Southwark 6,AE,CT,18.0,73.07747219987,1
688,Southwark 3,AE,CT,18.0,73.07747219987,1
689,Southwark 4,AE,CT,18.0,73.07747219987,1
690,Southwark 5,AE,CT,18.0,73.07747219987,1
691,Safe Harbor 08,PPL,HD,37.5,0.0,1
692,Safe Harbor 05,PPL,HD,33.0,0.0,1
693,Safe Harbor 10,PPL,HD,38.5,0.0,1
694,Safe Harbor 09,PPL,HD,38.5,0.0,1
695,Safe Harbor 07,PPL,HD,32.5,0.0,1
696,Safe Harbor 01,PPL,HD,32.0,0.0,1
697,Safe Harbor 11,PPL,HD,38.0,0.0,1
698,Safe Harbor 06,PPL,HD,32.0,0.0,1
699,Safe Harbor 12,PPL,HD,38.5,0.0,1
700,Safe Harbor 04,PPL,HD,32.0,0.0,1
701,Safe Harbor 02,PPL,HD,32.0,0.0,1
702,Safe Harbor 03,PPL,HD,33.0,0.0,1
704,Hunlock 3,PPL,CC,29.0,38.4351049388883,1
705,Hunlock 5,PPL,CC,48.0,38.4351049388883,1
706,Hunlock 6,PPL,CC,48.0,38.4351049388883,1
712,Cordell Hull 3,SERC,HD,33.0,0.0,1
713,Cordell Hull 1,SERC,HD,33.0,0.0,1
714,Cordell Hull 2,SERC,HD,33.0,0.0,1
715,Dale Hollow 3,SERC,HD,18.0,0.0,1
716,Dale Hollow 2,SERC,HD,18.0,0.0,1
717,Dale Hollow 1,SERC,HD,18.0,0.0,1
718,Old Hickory 1,SERC,HD,25.0,0.0,1
719,Old Hickory 2,SERC,HD,25.0,0.0,1
720,Old Hickory 3,SERC,HD,25.0,0.0,1
721,Old Hickory 4,SERC,HD,25.0,0.0,1
722,J Percy Priest,SERC,HD,28.0,0.0,1
723,Buck 1,AEP,HD,3.0,0.0,1
724,Buck 3,AEP,HD,3.0,0.0,1
725,Buck 2,AEP,HD,3.0,0.0,1
726,Byllesby 1,AEP,HD,5.4,0.0,1
727,Byllesby 3,AEP,HD,5.4,0.0,1
728,Byllesby 2,AEP,HD,5.4,0.0,1
729,Byllesby 4,AEP,HD,5.4,0.0,1
730,Claytor 2,AEP,HD,18.8,0.0,1
731,Claytor 3,AEP,HD,18.8,0.0,1
732,Claytor 4,AEP,HD,18.8,0.0,1
733,Claytor 1,AEP,HD,18.8,0.0,1
734,Clinch River 2,AEP,ST,232.1,25.350831807000002,1
735,Clinch River 1,AEP,ST,232.1,25.350831807000002,1
736,Clinch River 3,AEP,ST,232.1,21.70291473,1
737,Glen Lyn 5,AEP,ST,95.0,21.70291473,1
738,Glen Lyn 6,AEP,ST,240.0,21.70291473,1
739,Leesville 2,DOM,HD,25.0,0.0,1
740,Leesville 1,DOM,HD,25.0,0.0,1
741,Niagara 1,AEP,HD,2.0,0.0,1
742,Niagara 2,AEP,HD,2.0,0.0,1
744,Reusens 5,AEP,HD,2.0,0.0,1
745,Reusens 2,AEP,HD,2.0,0.0,1
746,Reusens 3,AEP,HD,2.0,0.0,1
747,Reusens 4,AEP,HD,2.0,0.0,1
748,Reusens 1,AEP,HD,2.0,0.0,1
749,Smith Mtn 3,AEP,HD,105.0,0.0,1
750,Smith Mtn 5,AEP,HD,70.0,0.0,1
751,Smith Mtn 1,AEP,HD,70.0,0.0,1
752,Smith Mtn 4,AEP,HD,185.0,0.0,1
753,Smith Mtn 2,AEP,HD,185.0,0.0,1
754,Bayview 16,DPL,DS,12.5,136.69672640000002,1
755,Tasley 10,DPL,CT,33.0,89.616797997559,1
761,Bremo 3,DOM,ST,74.0,21.70291473,1
762,Bremo 4,DOM,ST,160.0,21.70291473,1
763,Chesterfield 6,DOM,ST,671.0,18.916951922400003,1
764,Chesterfield 4,DOM,ST,171.0,18.916951922400003,1
765,Chesterfield 3,DOM,ST,105.0,18.916951922400003,1
766,Chesterfield 5,DOM,ST,336.8,18.916951922400003,1
767,Chesterfield 7,DOM,CC,232.0,42.794649284640805,1
768,Chesterfield 8,DOM,CC,235.0,42.794649284640805,1
769,Cushaw 1,AEP,HD,2.0,0.0,1
770,Low Moor GT 1,DOM,CT,12.0,82.039399145292,1
771,Low Moor GT 2,DOM,CT,12.0,82.039399145292,1
772,Low Moor GT 4,DOM,CT,12.0,82.039399145292,1
773,Low Moor GT 3,DOM,CT,12.0,82.039399145292,1
774,Northern Neck GT 2,DOM,CT,19.0,83.989648338088,1
775,Northern Neck GT 3,DOM,CT,19.0,83.989648338088,1
776,Northern Neck GT 1,DOM,CT,19.0,83.989648338088,1
777,Northern Neck GT 4,DOM,CT,19.0,83.989648338088,1
778,Chesapeake GT4,DOM,CT,18.0,47.903907160463,1
779,Chesapeake GT1,DOM,CT,19.0,47.903907160463,1
781,Chesapeake 1,DOM,ST,111.0,21.70291473,1
782,Chesapeake 2,DOM,ST,111.0,21.70291473,1
783,Chesapeake GT6,DOM,CT,18.0,47.903907160463,1
785,Chesapeake 4,DOM,ST,221.0,21.70291473,1
788,Chesapeake 3,DOM,ST,162.0,21.70291473,1
789,Chesapeake GT2,DOM,CT,18.0,47.903907160463,1
791,Possum Point GT 2,PEPCO,CT,16.0,35.1464474437866,1
793,Possum Point GT 4,PEPCO,CT,16.0,35.1464474437866,1
794,Possum Point GT 1,PEPCO,CT,16.0,35.1464474437866,1
795,Possum Point 5,PEPCO,ST,791.1,15.536139859799999,1
796,Possum Point GT 3,PEPCO,CT,16.0,35.1464474437866,1
797,Possum Point 4,PEPCO,ST,221.0,15.536139859799999,1
798,Possum Point 3,PEPCO,ST,105.0,15.536139859799999,1
799,Possum Point GT 6,PEPCO,CT,16.0,35.1464474437866,1
800,Possum Point GT 5,PEPCO,CT,16.0,35.1464474437866,1
801,Possum Point 6,PEPCO,CC,610.0,35.1464474437866,1
802,Surry 2,DOM,NU,868.1,5.229563835,1
803,Surry 1,DOM,NU,863.1,5.229563835,1
804,Yorktown 1,DOM,ST,163.0,27.374463795000004,1
805,Yorktown 2,DOM,ST,172.0,27.374463795000004,1
806,Yorktown 3,DOM,ST,820.0,27.374463795000004,1
807,Kerr Dam 2,SERC,HD,42.0,0.0,1
808,Kerr Dam 5,SERC,HD,42.0,0.0,1
809,Kerr Dam 4,SERC,HD,42.0,0.0,1
810,Kerr Dam 3,SERC,HD,42.0,0.0,1
811,Kerr Dam 6,SERC,HD,42.0,0.0,1
812,Kerr Dam 7,SERC,HD,42.0,0.0,1
813,Kerr Dam 1,SERC,HD,15.0,0.0,1
814,Philpott 1,AEP,HD,7.0,0.0,1
815,Philpott 3,AEP,HD,1.0,0.0,1
816,Philpott 2,AEP,HD,7.0,0.0,1
817,Joliet 7,COMED,ST,518.0,21.182055132000002,1
818,Joliet 8,COMED,ST,518.0,21.182055132000002,1
819,Amos 1,AEP,ST,800.0,20.6499909105,1
820,Amos 3,AEP,ST,1330.0,20.6499909105,1
821,Amos 2,AEP,ST,800.0,20.6499909105,1
822,Kanawha Rv 2,AEP,ST,200.0,21.70291473,1
823,Kanawha Rv 1,AEP,ST,200.0,21.70291473,1
824,Sporn 4,AEP,ST,148.1,21.70291473,1
825,Sporn 2,AEP,ST,150.1,21.70291473,1
826,Sporn 1,AEP,ST,145.0,21.70291473,1
827,Sporn 3,AEP,ST,146.1,21.70291473,1
829,WVU/MEA,APS,ST,50.0,21.70291473,1
833,Fort Martin 2,APS,ST,561.1,21.32496744,1
834,Fort Martin 1,APS,ST,552.0,21.32496744,1
835,Harrison 2,APS,ST,651.0,21.1347549,1
836,Harrison 3,APS,ST,661.1,21.1347549,1
837,Harrison 1,APS,ST,659.1,21.1347549,1
843,Kammer Block 200,AEP,ST,210.0,21.70291473,1
844,Kammer 1,AEP,ST,205.1,21.70291473,1
845,Kammer 3,AEP,ST,208.1,21.70291473,1
846,Kammer 2,AEP,ST,208.1,21.70291473,1
848,Mitchell (AEP) 1,AEP,ST,800.0,20.9330409834,1
851,Mitchell (AEP) 2,AEP,ST,800.0,20.9330409834,1
852,Mount Storm 3,APS,ST,536.0,21.520225041,1
853,Mount Storm 2,APS,ST,553.3,21.520225041,1
854,Mount Storm GT 1,APS,CT,16.0,48.683872905847004,1
855,Mount Storm 1,APS,ST,551.0,21.520225041,1
856,Easton 21,DPL,DS,6.3,292.45779225,1
857,Easton201,DPL,DS,1.5,292.45779225,1
858,Easton 24,DPL,DS,6.3,292.45779225,1
859,Easton202,DPL,DS,1.5,292.45779225,1
860,Easton 23,DPL,DS,6.3,292.45779225,1
861,Easton 204,DPL,CT,5.1,106.875325664775,1
862,Easton 22,DPL,DS,6.3,292.45779225,1
863,Easton 203,DPL,CT,5.1,106.875325664775,1
864,Greenup 1,AEP,HD,23.4,0.0,1
865,Greenup 2,AEP,HD,23.4,0.0,1
866,Greenup 3,AEP,HD,23.4,0.0,1
867,Glen Ferris 6 (Hawks Nest),AEP,HD,0.33,0.0,1
868,Glen Ferris 2 (Hawks Nest),AEP,HD,0.33,0.0,1
869,Glen Ferris 5 (Hawks Nest),AEP,HD,0.33,0.0,1
870,Glen Ferris 1 (Hawks Nest),AEP,HD,0.33,0.0,1
871,Glen Ferris 4 (Hawks Nest),AEP,HD,0.33,0.0,1
872,Glen Ferris 3 (Hawks Nest),AEP,HD,0.33,0.0,1
873,Glen Ferris 7 (Hawks Nest),AEP,HD,1.75,0.0,1
874,Glen Ferris 8 (Hawks Nest),AEP,HD,1.75,0.0,1
875,Hannibal Dam,AEP,HD,30.1,0.0,1
876,NEPCO NUG,PPL,ST,52.0,33.155399907,1
877,MH50 (Sunoil),DPL,CT,53.0,57.336034495864006,1
879,York County RR NUG,PPL,ST,30.0,38.874765321000005,1
880,Archbald,PPL,ST,26.9,26.511084054,1
881,PEI 5,PPL,CT,4.6,59.974384293018,1
882,Archbald 2,PPL,CT,50.0,59.974384293018,1
883,PEI 6,PPL,CT,4.6,59.974384293018,1
885,Paxton Creek NUG,METED,DS,12.0,116.586833142,1
886,Newark Bay COGEN,PSEG,CC,147.0,43.4928315632503,1
887,Glatfelter NUG,METED,ST,35.0,21.70291473,1
888,Kimberly Clark,AE,ST,55.0,21.70291473,1
889,Bayonne COGEN NUG,PSEG,CC,177.3,45.5228797176605,1
890,Rosemary 1,DOM,CC,198.0,45.0714733486686,1
891,Eagle Point COGEN NUG,AE,CC,237.0,41.62877799284541,1
892,Pottstown 1,PECO,CT,5.0,47.903907160463,1
894,Westwood 1,PPL,ST,32.5,34.741652715,1
896,Mobil NUG (BtM),AE,CC,44.0,34.9997315091768,1
899,MCRRF1,PEPCO,ST,52.0,38.263011759,1
900,Covanta Fairfax 1 (Ogden Martin),DOM,ST,70.0,43.804398498000005,1
902,Panther Creek NUG,PPL,ST,80.0,27.922075566,1
908,Parlin ST1,PSEG,CC,23.0,47.2559236237228,1
909,Parlin CT1,PSEG,CC,39.0,47.2559236237228,1
910,Parlin CT2,PSEG,CC,39.0,47.2559236237228,1
911,Parlin ST2,PSEG,CC,23.0,47.2559236237228,1
912,Cumberland CT 2,AE,CT,92.0,47.1665567333058,1
913,Cumberland CT 1,AE,CT,96.0,47.1665567333058,1
914,Marcal NUG,RE,CC,70.0,53.239113050481,1
915,Lancaster County RR NUG,PPL,ST,30.0,43.025832591000004,1
916,Wheelabrator-Frackville NUG,PPL,ST,43.0,31.773963837,1
917,Gloucester NUG,AE,ST,12.0,48.61852065,1
918,Northampton,PPL,ST,112.0,21.909003501000004,1
919,ALD 6,PENELEC,HD,8.0,0.0,1
920,PE Hydro,PENELEC,HD,9.2,0.0,1
921,ALD 5,PENELEC,HD,7.0,0.0,1
922,Union County Resource Recovery,PSEG,ST,39.0,37.251352194,1
923,Bellmeade,DOM,CC,267.0,41.652738148295406,1
924,Scrubgrass NUG,PENELEC,ST,85.0,28.260105384000003,1
925,Mecklenburg 1 (Buggs Is),DOM,ST,69.0,26.360850326999998,1
926,Mecklenburg 2 (Buggs Is),DOM,ST,69.0,26.360850326999998,1
927,Doswell CC2 (4Rivers5),DOM,CC,363.0,42.0836076925038,1
928,Doswell CC1 (4Rivers5),DOM,CC,363.0,42.0836076925038,1
929,Doswell CT (4Rivers1),DOM,CT,182.0,42.0836076925038,1
930,Yough Dam NUG,APS,HD,5.0,0.0,1
931,I95 LF Phase I,DOM,DS,3.0,170.6522714,1
932,Great Falls Hydro NUG,RE,HD,11.0,0.0,1
935,Elizabeth River 2,DOM,CT,125.0,60.956140961630005,1
936,Elizabeth River 1,DOM,CT,125.0,60.956140961630005,1
938,Elizabeth River 3,DOM,CT,125.0,60.956140961630005,1
939,Pittsylvania (Hurt),DOM,ST,83.0,30.990098664,1
942,North Wales D 1,PECO,DS,2.0,133.02623425,1
943,Conemaugh Hydro NUG,PENELEC,HD,8.0,0.0,1
944,Gude LF,PEPCO,DS,0.8,133.02623425,1
947,Smith CT 3,EKPC,CT,142.0,63.459627269593,1
948,Smith CT 10,EKPC,CT,107.0,63.459627269593,1
949,Smith CT 5,EKPC,CT,98.0,63.459627269593,1
950,Smith CT 6,EKPC,CT,98.0,63.459627269593,1
951,Smith CT 1,EKPC,CT,142.0,63.459627269593,1
952,Smith CT 4,EKPC,CT,98.0,63.459627269593,1
953,Smith CT 7,EKPC,CT,98.0,63.459627269593,1
954,Smith CT 9,EKPC,CT,107.0,63.459627269593,1
955,Smith CT 2,EKPC,CT,142.0,63.459627269593,1
956,Rensselaer Cogen,NYISO,CC,82.7,43.732884324984205,1
957,Roanoke Valley 1,DOM,ST,167.0,21.70291473,1
960,Spruance 3 (Richmond),DOM,ST,47.0,21.188941515,1
961,Spruance 1 (Richmond),DOM,ST,58.0,21.188941515,1
962,Spruance 2 (Richmond),DOM,ST,58.0,21.188941515,1
963,Spruance 4 (Richmond),DOM,ST,47.0,21.188941515,1
966,Birchwood 1,DOM,ST,238.0,23.203749932999997,1
968,Covanta Plymouth (Montenay),PECO,ST,28.0,40.519424148000006,1
969,Schuylkill Energy NUG,PPL,ST,88.0,32.178305061,1
970,Willamette (PennTech)(Domtar),PENELEC,ST,49.0,21.70291473,1
971,Lakewood NUG,JCPL,CC,282.0,38.013390791697496,1
972,Cat Tractor NUG,PPL,CC,58.1,50.748256858524,1
973,I95 LF Phase II,DOM,DS,3.0,157.48064449,1
974,Wheelabrator Falls NUG,PSEG,ST,48.0,36.539302128,1
975,Roanoke Valley 2,DOM,ST,45.0,21.70291473,1
976,Dinwiddie Diesel,DOM,DS,3.0,94.025157239,1
977,Weakley Diesel,DOM,DS,8.1,94.025157239,1
978,Grays Ferry Cogen,PECO,CC,163.0,34.9997315091768,1
980,Panda,PEPCO,CC,230.0,40.1920484479784,1
981,Gordonsville 1 (So.Anna),DOM,CC,144.0,40.7274873363853,1
982,Gordonsville 2 (So.Anna),DOM,CC,144.0,40.7274873363853,1
983,Santeetlah 2,SERC,HD,21.0,0.0,1
984,Santeetlah 1,SERC,HD,21.0,0.0,1
985,Cheoah 5,SERC,HD,33.6,0.0,1
986,Cheoah 4,SERC,HD,27.5,0.0,1
987,Cheoah 3,SERC,HD,27.5,0.0,1
988,Cheoah 1,SERC,HD,27.5,0.0,1
989,Cheoah 2,SERC,HD,27.5,0.0,1
990,Calderwood 2,SERC,HD,52.0,0.0,1
991,Calderwood 1,SERC,HD,52.0,0.0,1
992,Calderwood 3,SERC,HD,52.0,0.0,1
993,Chilhowee 1,SERC,HD,17.0,0.0,1
994,Chilhowee 2,SERC,HD,17.0,0.0,1
995,Chilhowee 3,SERC,HD,17.0,0.0,1
996,Keystone NUG,PPL,DS,5.0,193.53867988,1
997,Manchester,JCPL,DS,5.0,133.40133066,1
998,Ocean County LF,JCPL,DS,9.6,133.40133066,1
999,Lakeview,PENELEC,DS,5.0,149.79981614,1
1005,Rocky Road CT 33,COMED,CT,30.0,55.78031839622,1
1006,Rocky Road CT 31,COMED,CT,110.0,55.78031839622,1
1007,Rocky Road CT 34,COMED,CT,110.0,55.78031839622,1
1008,Rocky Road CT 32,COMED,CT,110.0,55.78031839622,1
1009,Madison 1,DAY,CT,88.0,65.37700993211399,1
1017,Kendall 2,COMED,CC,305.0,36.1236186084897,1
1018,Kendall 4,COMED,CC,320.0,36.1236186084897,1
1019,Kendall 3,COMED,CC,306.0,36.1236186084897,1
1020,Kendall 1,COMED,CC,320.0,36.1236186084897,1
1024,Bluegrass CT 2,EKPC,CT,202.0,53.078437630487,1
1025,Bluegrass CT 3,EKPC,CT,202.0,53.078437630487,1
1026,Bluegrass CT 1,EKPC,CT,202.0,53.078437630487,1
1031,Cordova ST 1,MISO,CC,150.0,34.3861466652207,1
1032,Cordova CT 2,MISO,CC,175.0,34.3861466652207,1
1033,Cordova CT 1,MISO,CC,175.0,34.3861466652207,1
1034,Ontelaunee ST 1,METED,CC,197.1,32.8775966315912,1
1035,Ontelaunee CT 2,METED,CC,191.0,32.8775966315912,1
1036,Ontelaunee CT 1,METED,CC,191.0,32.8775966315912,1
1037,Springdale 1 (AE1),DLCO,CT,44.0,49.349011524332006,1
1038,Springdale 2 (AE2),DLCO,CT,44.0,49.349011524332006,1
1039,Foothills 5 (Zelda 5),AEP,CT,208.0,55.529789139059,1
1040,Foothills 4 (Zelda 4),AEP,CT,208.0,55.529789139059,1
1041,Elwood 4,COMED,CT,154.0,54.762645390454004,1
1042,Elwood 5,COMED,CT,190.0,54.762645390454004,1
1043,Elwood 8,COMED,CT,190.0,54.762645390454004,1
1044,Elwood 7,COMED,CT,190.0,54.762645390454004,1
1045,Elwood 1,COMED,CT,154.0,54.762645390454004,1
1046,Elwood 2,COMED,CT,155.0,54.762645390454004,1
1047,Elwood 3,COMED,CT,154.0,54.762645390454004,1
1048,Elwood 9,COMED,CT,155.0,54.762645390454004,1
1049,Elwood 6,COMED,CT,190.0,54.762645390454004,1
1052,Morris CT1 (Equistar),COMED,CC,38.0,33.6500878631302,1
1053,Morris CT2 (Equistar),COMED,CC,38.0,33.6500878631302,1
1054,Morris ST1 (Equistar),COMED,CC,62.0,33.6500878631302,1
1056,Morris CT3 (Equistar),COMED,CC,38.0,33.6500878631302,1
1061,Greenville 1,AEP,CT,59.0,48.602288849705005,1
1062,Greenville 2,AEP,CT,59.0,48.602288849705005,1
1063,Greenville 3,AEP,CT,59.0,48.602288849705005,1
1064,Greenville 4,AEP,CT,59.0,48.602288849705005,1
1065,Liberty CT2,AE,CC,170.7,34.4772414089812,1
1067,Liberty CT1,AE,CC,170.7,34.4772414089812,1
1068,Liberty CC3,AE,CC,223.8,34.4772414089812,1
1069,Handsome Lake 2,PENELEC,CT,53.5,58.590594173601,1
1070,Handsome Lake 1,PENELEC,CT,53.5,58.590594173601,1
1071,Handsome Lake 3,PENELEC,CT,53.5,58.590594173601,1
1072,Handsome Lake 5,PENELEC,CT,53.5,58.590594173601,1
1073,Handsome Lake 4,PENELEC,CT,53.5,58.590594173601,1
1074,Lee County 8,COMED,CT,80.0,58.42860513755,1
1075,Lee County 7,COMED,CT,80.0,58.42860513755,1
1076,Lee County 5,COMED,CT,80.0,58.42860513755,1
1077,Lee County 1,COMED,CT,80.0,58.42860513755,1
1078,Lee County 6,COMED,CT,80.0,58.42860513755,1
1079,Lee County 2,COMED,CT,80.0,58.42860513755,1
1080,Lee County 3,COMED,CT,80.0,58.42860513755,1
1081,Lee County 4,COMED,CT,80.0,58.42860513755,1
1082,Rockford 1/11,COMED,CT,150.0,51.148727424043,1
1083,Rockford 1/12,COMED,CT,150.0,51.148727424043,1
1084,Red Oak Plant,PSEG,CC,802.1,34.202142339039206,1
1085,Darby 1,DAY,CT,94.0,61.489636495439996,1
1086,Darby 5,DAY,CT,94.0,61.489636495439996,1
1087,Darby 3,DAY,CT,94.0,61.489636495439996,1
1088,Darby 6,DAY,CT,94.0,61.489636495439996,1
1089,Darby 2,DAY,CT,94.0,61.489636495439996,1
1090,Darby 4,DAY,CT,94.0,61.489636495439996,1
1091,Tait GT 7,DAY,CT,94.0,57.280087212216,1
1092,Tait GT 4,DAY,CT,94.0,57.280087212216,1
1093,Tait GT 6,DAY,CT,94.0,57.280087212216,1
1094,Tait GT 5,DAY,CT,94.0,57.280087212216,1
1095,University Park 3 CT (South),COMED,CT,53.2,65.022966247443,1
1096,University Park 1 CT (South),COMED,CT,53.1,65.022966247443,1
1097,University Park 2 CT (South),COMED,CT,53.2,65.022966247443,1
1098,University Park 5 CT (South),COMED,CT,53.2,65.022966247443,1
1099,University Park 4 CT (South),COMED,CT,53.2,65.022966247443,1
1100,University Park 6 CT (South),COMED,CT,53.2,65.022966247443,1
1104,Crete CT 4,COMED,CT,75.2,63.127742274932,1
1105,Crete CT 2,COMED,CT,75.2,63.127742274932,1
1106,Crete CT 1,COMED,CT,231.3,63.127742274932,1
1107,Crete CT 3,COMED,CT,75.2,63.127742274932,1
1108,Ceredo 6,AEP,CT,91.0,57.551588957103995,1
1109,Ceredo 4,AEP,CT,91.0,57.551588957103995,1
1110,Ceredo 3,AEP,CT,91.0,57.551588957103995,1
1111,Ceredo 2,AEP,CT,91.0,57.551588957103995,1
1112,Ceredo 1,AEP,CT,90.0,57.551588957103995,1
1113,Ceredo 5,AEP,CT,91.0,57.551588957103995,1
1114,Aurora  6,MISO,CT,45.0,52.804198627272996,1
1115,Aurora  8,MISO,CT,45.0,52.804198627272996,1
1116,Aurora  3,MISO,CT,152.0,52.804198627272996,1
1117,Aurora  7,MISO,CT,45.0,52.804198627272996,1
1118,Aurora  9,MISO,CT,45.0,52.804198627272996,1
1119,Aurora  4,MISO,CT,152.0,52.804198627272996,1
1120,Aurora  5,MISO,CT,45.0,52.804198627272996,1
1121,Aurora  2,MISO,CT,152.0,52.804198627272996,1
1122,Aurora 10,MISO,CT,45.0,52.804198627272996,1
1123,Aurora  1,MISO,CT,152.0,52.804198627272996,1
1124,Southeast Chicago CT 12,COMED,CT,44.0,36.5487789894717,1
1125,Southeast Chicago CT 10,COMED,CT,44.0,36.5487789894717,1
1126,Southeast Chicago CT 5,COMED,CT,116.1,36.5487789894717,1
1127,Southeast Chicago CT 8,COMED,CT,44.0,36.5487789894717,1
1128,Southeast Chicago CT 11,COMED,CT,44.0,36.5487789894717,1
1129,Southeast Chicago CT 9,COMED,CT,129.1,36.5487789894717,1
1130,Southeast Chicago CT 7,COMED,CT,44.0,36.5487789894717,1
1131,Southeast Chicago CT 6,COMED,CT,44.0,36.5487789894717,1
1132,Wolf Hills 4,AEP,CT,56.0,53.00951285964901,1
1133,Wolf Hills 5,AEP,CT,56.0,53.00951285964901,1
1134,Wolf Hills 3,AEP,CT,56.0,53.00951285964901,1
1135,Wolf Hills 1,AEP,CT,56.0,53.00951285964901,1
1136,Wolf Hills 2,AEP,CT,56.0,53.00951285964901,1
1137,Morgan ST 1,SERC,CC,271.0,34.9997315091768,1
1138,Morgan CT 1,SERC,CC,178.0,34.9997315091768,1
1139,Morgan CT 2,SERC,CC,178.0,34.9997315091768,1
1140,Morgan CT 3,SERC,CC,178.0,34.9997315091768,1
1141,River Energy CT 1 (Calumet),COMED,CT,200.0,50.063297702048,1
1142,River Energy CT 2 (Calumet),COMED,CT,200.0,50.063297702048,1
1143,New Covert 2,AEP,CC,390.0,34.4355423677648,1
1144,New Covert 1,AEP,CC,390.0,34.4355423677648,1
1145,New Covert 3,AEP,CC,390.0,34.4355423677648,1
1146,Ford Mill Block 1,PSEG,CC,624.0,33.819123659998205,1
1147,Ford Mill Block 2,PSEG,CC,630.0,33.819123659998205,1
1148,Ironwood CT 2,PPL,CC,225.0,34.2553569867923,1
1149,Ironwood CT 1,PPL,CC,225.0,34.2553569867923,1
1151,Ironwood CC 3,PPL,CC,223.0,34.2553569867923,1
1152,South Bend 1 (Armstrong),PENELEC,CT,159.4,51.142703013866004,1
1153,South Bend 2 (Armstrong),PENELEC,CT,158.7,51.142703013866004,1
1154,South Bend 3 (Armstrong),PENELEC,CT,161.1,51.142703013866004,1
1155,South Bend 4 (Armstrong),PENELEC,CT,159.6,51.142703013866004,1
1156,Troy 1,ATSI,CT,160.0,45.7000757871678,1
1157,Troy 2,ATSI,CT,160.0,45.7000757871678,1
1158,Troy 3,ATSI,CT,160.0,45.7000757871678,1
1159,Troy 4,ATSI,CT,160.0,45.7000757871678,1
1160,Oak Grove 1 (Pleasants),APS,CT,160.2,50.998009233714,1
1161,Oak Grove 2 (Pleasants),APS,CT,161.1,50.998009233714,1
1162,Dresden 1A,AEP,CC,162.1,32.6361588602807,1
1163,Dresden 1S,AEP,CC,253.0,32.6361588602807,1
1164,Dresden 1B,AEP,CC,162.1,32.6361588602807,1
1165,Cottonwood CT 3,SERC,CC,165.0,34.923789403357596,1
1166,Cottonwood CT 2,SERC,CC,150.0,34.923789403357596,1
1167,Cottonwood ST 3,SERC,CC,150.0,34.923789403357596,1
1168,Cottonwood CT 1,SERC,CC,150.0,34.923789403357596,1
1169,Cottonwood ST 1,SERC,CC,165.0,34.923789403357596,1
1170,Cottonwood ST 2,SERC,CC,165.0,34.923789403357596,1
1171,Cottonwood ST 4,SERC,CC,150.0,34.923789403357596,1
1172,Cottonwood CT 4,SERC,CC,165.0,34.923789403357596,1
1176,Gans 8 (AE8),APS,CT,44.0,49.836346121480005,1
1177,Gans 9 (AE9),APS,CT,44.0,49.836346121480005,1
1190,ComChes 6,DPL,CT,45.0,48.305907403875004,1
1191,ComChes 5,DPL,CT,45.0,48.305907403875004,1
1192,ComChes 4,DPL,CT,45.0,48.305907403875004,1
1193,ComChes 2,DPL,CT,45.0,48.305907403875004,1
1194,ComChes 3,DPL,CT,45.0,48.305907403875004,1
1195,ComChes 1,DPL,CT,45.0,48.305907403875004,1
1196,ComChes 7,DPL,CT,45.0,48.305907403875004,1
1197,Rockgen Peaker GT 2,MISO,CT,156.0,47.903907160463,1
1198,Rockgen Peaker GT 3,MISO,CT,156.0,47.903907160463,1
1199,Rockgen Peaker GT 1,MISO,CT,156.0,47.903907160463,1
1200,Zion GT 3,COMED,CT,175.0,52.07446312565,1
1201,Zion GT 2,COMED,CT,175.0,52.07446312565,1
1202,Zion GT 1,COMED,CT,175.0,52.07446312565,1
1203,Washington 13,AEP,CC,665.0,33.6961543701283,1
1204,Rolling Hills 1 (Flatlick),AEP,CT,195.0,51.375946231486,1
1205,Rolling Hills 2 (Flatlick),AEP,CT,195.0,51.375946231486,1
1206,Rolling Hills 5 (Flatlick),AEP,CT,195.0,51.375946231486,1
1207,Rolling Hills 4 (Flatlick),AEP,CT,195.0,51.375946231486,1
1208,Rolling Hills 3 (Flatlick),AEP,CT,195.0,51.375946231486,1
1213,Bayou Cove CT 2,SERC,CT,80.0,61.369786120882004,1
1214,Bayou Cove CT 4,SERC,CT,80.0,61.369786120882004,1
1215,Bayou Cove CT 3,SERC,CT,80.0,61.369786120882004,1
1216,Elgin 3,COMED,CT,135.0,58.482220017526004,1
1217,Elgin 2,COMED,CT,135.0,58.482220017526004,1
1218,Elgin 1,COMED,CT,135.0,58.482220017526004,1
1219,Elgin 4,COMED,CT,135.0,58.482220017526004,1
1220,Fluvanna GT 32,DOM,CC,172.8,33.7198350228945,1
1221,Fluvanna GT 22,DOM,CC,167.0,33.7198350228945,1
1222,Fluvanna GS 12,DOM,CC,400.8,33.7198350228945,1
1223,Fluvanna GT 12,DOM,CC,166.3,33.7198350228945,1
1225,Lawrenceburg 2S,MISO,CC,257.0,33.8125725967206,1
1226,Lawrenceburg 1B,MISO,CC,166.1,33.8125725967206,1
1227,Lawrenceburg 2B,MISO,CC,166.1,33.8125725967206,1
1228,Lawrenceburg 2A,MISO,CC,166.1,33.8125725967206,1
1229,Lawrenceburg 1S,MISO,CC,257.0,33.8125725967206,1
1230,Lawrenceburg 1A,MISO,CC,166.1,33.8125725967206,1
1233,Waterford CT 1,AEP,CC,168.0,33.271100067526596,1
1234,Waterford ST 1,AEP,CC,372.0,33.271100067526596,1
1235,Waterford CT 3,AEP,CC,168.0,33.271100067526596,1
1236,Waterford CT 2,AEP,CC,168.0,33.271100067526596,1
1237,Ronco (Fayette),APS,CC,665.0,33.8935576418503,1
1238,York CT 2 (Delta),PPL,CC,127.0,38.034347986921205,1
1239,York CT 1 (Delta),PPL,CC,125.0,38.034347986921205,1
1240,York CT 3 (Delta),PPL,CC,127.0,38.034347986921205,1
1241,York ST 4 (Delta),PPL,CC,195.0,38.034347986921205,1
1246,UPark 6 (North),COMED,CT,45.0,51.934443606735,1
1247,UPark 4 (North),COMED,CT,45.0,51.934443606735,1
1248,UPark 10 (North),COMED,CT,45.0,51.934443606735,1
1249,UPark 11 (North),COMED,CT,45.0,51.934443606735,1
1250,UPark 7 (North),COMED,CT,45.0,51.934443606735,1
1251,UPark 2 (North),COMED,CT,45.0,51.934443606735,1
1252,UPark 9 (North),COMED,CT,45.0,51.934443606735,1
1253,UPark 1 (North),COMED,CT,45.0,51.934443606735,1
1254,UPark 8 (North),COMED,CT,45.0,51.934443606735,1
1255,UPark 3 (North),COMED,CT,45.0,51.934443606735,1
1256,UPark 12 (North),COMED,CT,45.0,51.934443606735,1
1257,UPark 5 (North),COMED,CT,45.0,51.934443606735,1
1258,Chambersburg 13 (Guilford AE13),PENELEC,CT,44.0,48.665845519571,1
1259,Chambersburg 12 (Guilford AE12),PENELEC,CT,44.0,48.665845519571,1
1260,B Chambersburg 13 (CCLP),PENELEC,DS,7.0,133.17110989,1
1261,B Chambersburg 47 (CCLP),PENELEC,DS,22.4,133.17110989,1
1262,Mt Bethel CC 3,JCPL,CC,214.0,34.661978772923405,1
1263,Mt Bethel CT 2,JCPL,CC,190.0,34.661978772923405,1
1264,Mt Bethel CT 1,JCPL,CC,190.0,34.661978772923405,1
1266,Bethlehem CT5,PPL,CC,118.0,38.459673906044706,1
1267,Bethlehem CT7,PPL,CC,127.0,38.459673906044706,1
1268,Bethlehem ST4,PPL,CC,195.0,38.459673906044706,1
1269,Bethlehem CT3,PPL,CC,127.0,38.459673906044706,1
1270,Bethlehem CT6,PPL,CC,127.0,38.459673906044706,1
1271,Bethlehem CT2,PPL,CC,127.0,38.459673906044706,1
1272,Bethlehem ST8,PPL,CC,195.0,38.459673906044706,1
1274,Bethlehem CT1,PPL,CC,118.0,38.459673906044706,1
1275,Fremont ST 3,ATSI,CC,343.0,59.874077063078005,1
1276,Fremont CT 2,ATSI,CC,180.0,59.874077063078005,1
1277,Fremont CT 1,ATSI,CC,180.0,59.874077063078005,1
1278,Choctaw 3 CT,SERC,CC,173.0,34.2865670382406,1
1279,Choctaw 4 ST,SERC,CC,301.0,34.2865670382406,1
1280,Choctaw 2 CT,SERC,CC,173.0,34.2865670382406,1
1281,Choctaw 1 CT,SERC,CC,173.0,34.2865670382406,1
1282,Springdale 5 (AE5),DLCO,CC,190.0,34.5276268533605,1
1283,Springdale 3 (AE3),DLCO,CC,180.0,34.5276268533605,1
1284,Springdale 4 (AE4),DLCO,CC,180.0,34.5276268533605,1
1285,Hanging Rock 1,AEP,CC,664.1,33.7918178715802,1
1286,Hanging Rock 2,AEP,CC,665.9,33.7918178715802,1
1287,Buchanan 1 (BuchanCO),AEP,CT,43.0,46.446071908739604,1
1288,Buchanan 2 (BuchanCO),AEP,CT,43.0,46.446071908739604,1
1290,Grand Central 2,METED,CT,3.0,47.903907160463,1
1291,Grand Central 3,METED,CT,3.0,47.903907160463,1
1292,Grand Central 1,METED,CT,3.0,47.903907160463,1
1294,MH 750 STM 1 (Phillips),DPL,CC,271.0,34.289832460389796,1
1295,MH 750 CT 1 (Phillips),DPL,CC,180.1,34.289832460389796,1
1296,MH 750 CT 3 (Phillips),DPL,CC,180.1,34.289832460389796,1
1297,MH 750 CT 2 (Phillips),DPL,CC,180.1,34.289832460389796,1
1298,Prairie State 1,MISO,ST,812.1,19.5204631566,1
1299,Prairie State 2,MISO,ST,805.1,19.5204631566,1
1300,Oaks LF 2,BG&E,DS,0.7,190.10176068,1
1301,Oaks LF 1,BG&E,DS,1.3,190.10176068,1
1302,Rockford 2/21,COMED,CT,153.0,49.461794044965,1
1303,Lakewood CT1,JCPL,CT,168.4,50.615022669405,1
1304,Lakewood CT2,JCPL,CT,167.7,50.615022669405,1
1306,Warren County RR NUG,DOM,ST,10.0,14.4696438915,1
1308,Warren County LF 1,DOM,DS,1.9,133.02623425,1
1309,Hunterstown CC 201,METED,CC,177.1,33.88586366466809,1
1310,Hunterstown CC 401,METED,CC,315.0,33.88586366466809,1
1311,Hunterstown CC 101,METED,CC,165.0,33.88586366466809,1
1312,Hunterstown CC 301,METED,CC,177.1,33.88586366466809,1
1313,Hamlet CT 6,SERC,CT,56.6,55.856557107243006,1
1314,Hamlet CT 4,SERC,CT,56.6,55.856557107243006,1
1315,Hamlet CT 2,SERC,CT,56.6,55.856557107243006,1
1316,Hamlet CT 5,SERC,CT,56.6,55.856557107243006,1
1317,Hamlet CT 1,SERC,CT,56.6,55.856557107243006,1
1318,Hamlet CT 3,SERC,CT,56.6,55.856557107243006,1
1319,Tosco (Linden CoGen),PSEG,CT,172.0,43.7681868194405,1
1321,Summersville 2,AEP,HD,40.0,0.0,1
1322,Summersville 1,AEP,HD,40.0,0.0,1
1323,Hunlock 4,PPL,CT,44.6,601.04790532948,1
1324,Columbus Renick Run 1,AEP,DS,1.36,133.02623425,1
1325,Columbus Renick Run 2,AEP,DS,1.36,133.02623425,1
1326,Columbus ST 8,AEP,DS,1.83,133.02623425,1
1327,Columbus ST 1,AEP,DS,1.1,133.02623425,1
1328,Columbus Dodge Park,AEP,DS,1.83,133.02623425,1
1329,Southern LF 5,DPL,DS,1.0,141.89373367000002,1
1330,Southern LF,DPL,DS,4.1,141.89373367000002,1
1331,Central LF,DPL,DS,3.0,147.3898478,1
1333,Greater Lebanon LF,PPL,DS,2.0,142.90315273,1
1334,Bethel Energy,DOM,DS,4.4,153.05947943,1
1337,Longview 1,APS,ST,700.0,18.497987823000003,1
1338,Newland Park LF,DPL,DS,6.0,145.90218643,1
1339,Brunswick LF,DOM,DS,11.0,141.33446769,1
1340,Charles City Landfill,DOM,DS,16.0,136.43443047,1
1341,Chesterfield Landfill,DOM,DS,16.0,154.72233946,1
1342,King and Queen LF,DOM,DS,11.8,130.07590063,1
1343,Upton,PENELEC,DS,15.0,149.37633633000002,1
1344,Pine Grove LF,METED,DS,6.0,170.88242574,1
1345,Rockville Diesel,DOM,DS,4.0,101.62195122300001,1
1346,Virginia Beach Landfill,DOM,DS,12.0,156.93047031999998,1
1347,Winnebago 3,COMED,DS,1.6,133.02623425,1
1348,Winnebago 4,COMED,DS,1.6,133.02623425,1
1349,Winnebago 2,COMED,DS,1.6,133.02623425,1
1350,Winnebago 1,COMED,DS,1.6,133.02623425,1
1351,Bear Garden,DOM,CC,612.0,30.9766624887054,1
1352,Virginia City 1,AEP,ST,610.0,21.101522421,1
1356,Haverhill 1,AEP,ST,61.0,21.70291473,1
1357,Ottawa County LF 1,ATSI,DS,1.36,138.66666671,1
1358,Ottawa County LF 2,ATSI,DS,1.36,138.66666671,1
1359,Ottawa County LF 3,ATSI,DS,1.36,138.66666671,1
1360,Carbon Limestone LF 16,AEP,DS,1.3,181.72495081,1
1361,Carbon Limestone LF 7,AEP,DS,1.36,181.72495081,1
1362,Carbon Limestone LF 5,AEP,DS,1.36,181.72495081,1
1363,Carbon Limestone LF 1,AEP,DS,1.36,181.72495081,1
1364,Carbon Limestone LF 15,AEP,DS,1.3,181.72495081,1
1365,Carbon Limestone LF 9,AEP,DS,1.36,181.72495081,1
1366,Carbon Limestone LF 6,AEP,DS,1.36,181.72495081,1
1367,Carbon Limestone LF 10,AEP,DS,1.36,181.72495081,1
1368,Carbon Limestone LF 4,AEP,DS,1.36,181.72495081,1
1369,Carbon Limestone LF 3,AEP,DS,1.36,181.72495081,1
1370,Carbon Limestone LF 8,AEP,DS,1.36,181.72495081,1
1371,Carbon Limestone LF 12,AEP,DS,1.36,181.72495081,1
1372,Carbon Limestone LF 13,AEP,DS,1.36,181.72495081,1
1373,Carbon Limestone LF 14,AEP,DS,1.36,181.72495081,1
1374,Carbon Limestone LF 2,AEP,DS,1.36,181.72495081,1
1375,Carbon Limestone LF 11,AEP,DS,1.36,181.72495081,1
1376,Lorain County LF 9,ATSI,DS,1.6,147.20009603,1
1377,Lorain County LF 7,ATSI,DS,1.6,147.20009603,1
1378,Lorain County LF 6,ATSI,DS,1.6,147.20009603,1
1379,Lorain County LF 8,ATSI,DS,1.6,147.20009603,1
1380,Lorain County LF 10,ATSI,DS,1.6,147.20009603,1
1381,Lorain County LF 4,ATSI,DS,1.6,147.20009603,1
1382,Lorain County LF 2,ATSI,DS,1.6,147.20009603,1
1383,Lorain County LF 1,ATSI,DS,1.6,147.20009603,1
1384,Lorain County LF 5,ATSI,DS,1.6,147.20009603,1
1385,Lorain County LF 3,ATSI,DS,1.6,147.20009603,1
1389,Cumberland County LF,AE,DS,4.0,144.82681993,1
1390,Shippensburg LF (Community Refuse),METED,DS,5.6,150.09717411,1
1391,Northern Tier LF,PENELEC,DS,1.0,140.6726672,1
1392,Stafford LF,PEPCO,DS,2.0,141.65530379,1
1393,Broad Mountain 2 LF (Hegins),PPL,CT,10.5,74.981290853779,1
1394,Pioneer Crossing LF,METED,DS,6.6,149.79770559,1
1398,Arden LF,APS,DS,4.4,158.17165338,1
1399,William Penn LF (Middle Peninsula),DOM,DS,6.0,148.05423087,1
1400,King George LF,DOM,CT,10.0,83.23487023402001,1
1401,Cleveland County CT 1,None,CT,210.0,50.090960553078,1
1402,Glendon LF,JCPL,DS,3.2,135.72638365,1
1403,Erie County LF 1,ATSI,DS,2.0,141.05558974,1
1406,Henrico County LF,DOM,DS,4.0,141.51833501,1
1409,Geneva LF 2,ATSI,DS,0.8,158.77990427,1
1411,Geneva LF 5,ATSI,DS,0.8,158.77990427,1
1412,Geneva LF 4,ATSI,DS,0.8,158.77990427,1
1413,Geneva LF 3,ATSI,DS,0.8,158.77990427,1
1414,Geneva LF 1,ATSI,DS,0.8,158.77990427,1
1419,Mahoning LF 3,AEP,DS,0.8,159.35645011,1
1420,Mahoning LF 4,AEP,DS,0.8,159.35645011,1
1421,Mahoning LF 2,AEP,DS,0.8,159.35645011,1
1422,Mahoning LF 1,AEP,DS,0.8,159.35645011,1
1423,Mahoning LF 5,AEP,DS,0.8,159.35645011,1
1424,Bellefontaine LF,DAY,DS,4.5,163.65898808999998,1
1425,Reichs Ford LF,APS,DS,2.0,236.58345386,1
1426,Middletown Coke (Yankee 1 emkts),DAY,ST,47.0,21.70291473,1
1430,Salem County LF,AE,DS,1.9,154.85453594,1
1431,Pleasantville 2,AE,DS,1.9,133.02623425,1
1432,Pleasantville 3,AE,DS,1.8,133.02623425,1
1433,Pleasantville 1,AE,DS,1.5,133.02623425,1
1434,Sussex County LF,JCPL,DS,2.0,177.73032407,1
1435,Burlington Cty LF 4,PSEG,DS,1.4,133.02623425,1
1436,Burlington Cty LF 5,PSEG,DS,1.4,133.02623425,1
1437,Burlington Cty LF 2,PSEG,DS,1.4,133.02623425,1
1438,Burlington Cty LF 1,PSEG,DS,1.4,133.02623425,1
1439,Burlington Cty LF 3,PSEG,DS,1.4,133.02623425,1
1441,Northeast LF 4,DOM,DS,1.6,162.07463310999998,1
1442,Northeast LF 3,DOM,DS,1.6,162.07463310999998,1
1443,Northeast LF 1,DOM,DS,1.6,162.07463310999998,1
1444,Northeast LF 2,DOM,DS,1.6,162.07463310999998,1
1445,Evergreen 1,PECO,ST,25.0,21.70291473,1
1450,Edgeboro LF,PSEG,DS,9.6,157.00114729,1
1452,Millersville LF 2,BG&E,DS,1.6,141.19165385,1
1453,Millersville LF 1,BG&E,DS,1.6,141.19165385,1
1468,Christiana 11,DPL,CT,25.0,47.903907160463,1
1469,Christiana 14,DPL,CT,25.0,47.903907160463,1
1470,Woodbine LF 2 (Cape May),AE,DS,1.0,193.85811614,1
1471,Woodbine LF 1 (Cape May),AE,DS,1.0,193.85811614,1
1472,Woodbine LF 3 (Cape May),AE,DS,1.0,193.85811614,1
1473,Delaware City 03,DPL,ST,72.0,21.70291473,1
1474,Delaware City 06,DPL,CT,60.0,47.903907160463,1
1475,Delaware City 10,DPL,CT,18.0,47.903907160463,1
1476,Delaware City 07,DPL,CT,90.0,47.903907160463,1
1478,Edge Moor 03,DPL,ST,86.0,25.306706775000002,1
1479,Edge Moor 10,DPL,CT,15.0,57.249796131425,1
1480,Edge Moor 05,DPL,ST,450.0,25.306706775000002,1
1481,Edge Moor 04,DPL,ST,174.0,25.306706775000002,1
1482,Cleveland County CT 4,SERC,CT,195.0,47.903907160463,1
1483,Indian River 10,DPL,CT,21.0,63.614207921543006,1
1484,Indian River 04,DPL,ST,425.1,28.120032129000002,1
1488,Berrien Springs LF 3,AEP,DS,1.6,131.03892204,1
1489,Berrien Springs LF 1,AEP,DS,1.6,131.03892204,1
1490,Berrien Springs LF 2,AEP,DS,1.6,131.03892204,1
1492,West 1,DPL,CT,19.0,47.903907160463,1
1498,Orchard Hills LF 1,COMED,DS,1.6,128.447098975,1
1499,Orchard Hills LF 2,COMED,DS,1.6,128.447098975,1
1501,Dover McKee Run 3,DPL,ST,102.0,24.105011574000002,1
1502,Dover McKee Run 1,DPL,ST,17.0,21.70291473,1
1503,Dover McKee Run 2,DPL,ST,17.0,21.70291473,1
1504,Cook 1,AEP,NU,1083.1,5.229563825,1
1505,Cook 2,AEP,NU,1183.1,5.229563825,1
1506,Pleasants 1,AEP,ST,645.1,21.659645679,1
1507,Pleasants 2,AEP,ST,640.1,21.659645679,1
1508,Racine 1,AEP,HD,24.0,0.0,1
1509,Racine 2,AEP,HD,24.0,0.0,1
1510,Calvert Cliffs 1,PEPCO,NU,900.0,5.229563795,1
1511,Calvert Cliffs 2,PEPCO,NU,880.0,5.229563795,1
1512,Duck Creek 1,MISO,ST,433.0,23.495879694000003,1
1513,Newton 2,MISO,ST,612.1,21.70291473,1
1514,Newton 1,MISO,ST,610.1,22.026290097,1
1515,East Bend 2,MISO,ST,600.0,22.941706809000003,1
1516,Zimmer 1,DEOK,ST,1321.1,20.6896227531,1
1517,Brandon Shores 2,BG&E,ST,648.1,23.830538466,1
1518,Brandon Shores 1,BG&E,ST,665.1,23.830538466,1
1519,Perry 1,ATSI,NU,1330.0,5.22956382,1
1520,Braidwood 2,COMED,NU,1205.1,5.229563875,1
1521,Braidwood 1,COMED,NU,1227.0,5.229563875,1
1522,Byron 2,COMED,NU,1190.1,5.229563855,1
1523,Byron 1,COMED,NU,1221.1,5.229563855,1
1529,Lasalle 2,COMED,NU,1164.0,5.229563815,1
1530,Lasalle 1,COMED,NU,1150.6,5.229563815,1
1533,Killen GT 1,AEP,CT,18.0,49.77636235807,1
1534,Killen 2,AEP,ST,600.0,22.00314921,1
1535,Catawba 1,SERC,NU,1163.0,5.229563849999999,1
1552,Beaver Valley 1,AEP,NU,970.0,5.22956375,1
1553,Beaver Valley 2,AEP,NU,970.0,5.22956375,1
1554,Spurlock 3,SERC,ST,268.0,21.144364794,1
1555,Spurlock 1,SERC,ST,305.1,21.144364794,1
1556,Spurlock 2,SERC,ST,510.0,21.144364794,1
1557,Spurlock 4,SERC,ST,268.0,21.144364794,1
1558,Big Cajun II 2,SERC,ST,575.0,23.148915342000002,1
1559,Big Cajun II 1,SERC,ST,580.0,23.148915342000002,1
1560,Big Cajun II 3,SERC,ST,588.0,23.148915342000002,1
1561,Trimble 2,MISO,ST,785.0,20.9005786059,1
1562,Trimble 1,MISO,ST,515.0,20.9005786059,1
1563,Mansfield 3,AEP,ST,910.0,22.982206569000002,1
1564,Mansfield 2,AEP,ST,910.0,22.982206569000002,1
1565,Mansfield 1,AEP,ST,910.0,22.982206569000002,1
1566,Susquehanna 2,PPL,NU,1255.1,5.22956384,1
1567,Susquehanna 1,PPL,NU,1260.1,5.22956384,1
1568,Limerick 2,PECO,NU,1194.1,5.22956381,1
1569,Limerick 1,PECO,NU,1182.0,5.22956381,1
1570,Gibson 5,MISO,ST,625.0,21.666904644000002,1
1572,Hope Creek 1,AE,NU,1172.0,5.22956376,1
1573,Davis Besse 1,ATSI,NU,950.0,5.229563835,1
1574,Rockport 2,MISO,ST,1300.0,20.8913744319,1
1575,Rockport 1,MISO,ST,1315.0,20.8913744319,1
1576,Bath County 3,DOM,HD,502.3,0.0,1
1579,Bath County 6,DOM,HD,504.0,0.0,1
1580,Bath County 5,DOM,HD,503.2,0.0,1
1582,Bath County 2,DOM,HD,502.2,0.0,1
1583,Bath County 1,DOM,HD,502.1,0.0,1
1586,Bath County 4,DOM,HD,501.3,0.0,1
1588,North Anna 1,DOM,NU,948.0,5.22946509,1
1589,North Anna 2,DOM,NU,976.1,5.22946509,1
1590,Laurel,EKPC,HD,70.0,0.0,1
1591,Mountaineer 1,AEP,ST,1315.1,20.545694011500004,1
1592,Ocracoke 1,DOM,DS,3.0,5996.9928577,1
1593,Center Hill 1,SERC,HD,45.0,0.0,1
1594,Center Hill 3,SERC,HD,45.0,0.0,1
1595,Center Hill 2,SERC,HD,45.0,0.0,1
1596,Cheatham 3,SERC,HD,12.0,0.0,1
1597,Cheatham 2,SERC,HD,12.0,0.0,1
1598,Cheatham 1,SERC,HD,12.0,0.0,1
1599,Yards Creek 3,JCPL,HD,140.0,0.0,1
1601,Yards Creek 1,JCPL,HD,140.0,0.0,1
1602,Yards Creek 2,JCPL,HD,140.0,0.0,1
1603,London 1,AEP,HD,5.0,0.0,1
1604,London 2,AEP,HD,5.0,0.0,1
1605,London 3,AEP,HD,4.8,0.0,1
1606,Marmet 3,AEP,HD,4.8,0.0,1
1607,Marmet 1,AEP,HD,5.0,0.0,1
1608,Marmet 2,AEP,HD,5.0,0.0,1
1609,Winfield 3,AEP,HD,5.0,0.0,1
1610,Winfield 2,AEP,HD,5.0,0.0,1
1611,Winfield 1,AEP,HD,5.0,0.0,1
1612,Lake Lynn 3,APS,HD,13.0,0.0,1
1613,Lake Lynn 2,APS,HD,13.0,0.0,1
1614,Lake Lynn 1,APS,HD,13.0,0.0,1
1615,Lake Lynn 4,APS,HD,13.0,0.0,1
1616,Vineland Jet 1,AE,CT,32.0,82.708367350554,1
1617,Gravel Neck 3,DOM,CT,92.0,62.291437645699,1
1618,Gravel Neck 4,DOM,CT,92.0,62.291437645699,1
1619,Gravel Neck 5,DOM,CT,92.0,62.291437645699,1
1620,Gravel Neck 2,DOM,CT,28.0,62.291437645699,1
1621,Gravel Neck 1,DOM,CT,17.0,62.291437645699,1
1622,Gravel Neck 6,DOM,CT,92.0,62.291437645699,1
1623,Raystown,PENELEC,HD,21.0,0.0,1
1624,Forked River C1,JCPL,CT,44.0,65.43217354029001,1
1625,Forked River C2,JCPL,CT,42.0,65.43217354029001,1
1626,Hay Road CT6,DPL,CC,126.0,38.72894011878441,1
1627,Hay Road ST8,DPL,CC,187.0,38.72894011878441,1
1628,Hay Road CT3,DPL,CC,126.0,38.72894011878441,1
1629,Hay Road CT1,DPL,CC,126.0,38.72894011878441,1
1631,Hay Road CT2,DPL,CC,126.0,38.72894011878441,1
1633,Hay Road CT7,DPL,CC,126.0,38.72894011878441,1
1634,Hay Road CT5,DPL,CC,126.0,38.72894011878441,1
1635,Hay Road ST4,DPL,CC,187.0,38.72894011878441,1
1636,Woodsdale GT 3,DAY,CT,94.0,182.654896307452,1
1637,Woodsdale GT 4,DAY,CT,94.0,182.654896307452,1
1638,Woodsdale GT 6,DAY,CT,94.0,182.654896307452,1
1639,Woodsdale GT 2,DAY,CT,94.0,182.654896307452,1
1640,Woodsdale GT 1,DAY,CT,94.0,182.654896307452,1
1641,Woodsdale GT 5,DAY,CT,94.0,182.654896307452,1
1642,Darbytown 4,DOM,CT,92.0,58.849712648855004,1
1643,Darbytown 2,DOM,CT,92.0,58.849712648855004,1
1644,Darbytown 1,DOM,CT,92.0,58.849712648855004,1
1645,Darbytown 3,DOM,CT,92.0,58.849712648855004,1
1646,Clover 2,DOM,ST,441.0,21.619488345000004,1
1647,Clover 1,DOM,ST,441.0,21.619488345000004,1
1648,Lincoln 2,SERC,CT,77.0,92.91703137607901,1
1649,Lincoln 1,SERC,CT,77.0,92.91703137607901,1
1650,Lincoln 8,SERC,CT,77.0,92.91703137607901,1
1651,Lincoln 7,SERC,CT,77.0,92.91703137607901,1
1652,Lincoln 3,SERC,CT,77.0,92.91703137607901,1
1653,Lincoln 4,SERC,CT,77.0,92.91703137607901,1
1654,Lincoln 5,SERC,CT,77.0,92.91703137607901,1
1655,Lincoln 6,SERC,CT,77.0,92.91703137607901,1
1660,Sherman Avenue CT 1,AE,CT,96.0,65.342059982354,1
1661,Dover Parkland 11,DPL,CT,45.0,67.866221004168,1
1662,Richmond CT 2,MISO,CT,38.0,72.09204590055,1
1663,Richmond CT 1,MISO,CT,38.0,72.09204590055,1
1664,Anderson CT 2,AEP,CT,38.0,58.89467683668,1
1665,Anderson CT 3,AEP,CT,84.0,58.89467683668,1
1666,Anderson CT 1,AEP,CT,38.0,58.89467683668,1
1668,Bellville 1,AEP,HD,22.5,0.0,1
1669,Bellville 2,AEP,HD,22.5,0.0,1
1670,Pennsbury 1,PSEG,CT,3.0,47.903907160463,1
1671,Pennsbury 2,PSEG,CT,3.0,47.903907160463,1
1672,Fairless Hills B,PSEG,ST,30.0,31.964360421000002,1
1673,Fairless Hills A,PSEG,ST,30.0,31.964360421000002,1
1674,Tilton CT 2,MISO,CT,45.0,50.507302827241006,1
1675,Tilton CT 1,MISO,CT,45.0,50.507302827241006,1
1676,Tilton CT 4,MISO,CT,45.0,50.507302827241006,1
1677,Tilton CT 3,MISO,CT,45.0,50.507302827241006,1
1684,Montpelier 3,ATSI,CT,59.0,48.859214354331996,1
1685,Montpelier 1,ATSI,CT,59.0,48.859214354331996,1
1686,Montpelier 4,ATSI,CT,59.0,48.859214354331996,1
1687,Montpelier 2,ATSI,CT,59.0,48.859214354331996,1
1691,Rowan CT 2,SERC,CT,178.0,34.328953201702205,1
1692,Rowan CT 1,SERC,CT,199.0,47.903907160463,1
1693,Rowan 4 CC,SERC,CC,594.0,34.328953201702205,1
1694,Rock Springs CT1,DPL,CT,164.0,49.950448956657,1
1695,Rock Springs CT4,DPL,CT,166.4,49.950448956657,1
1696,Rock Springs CT3,DPL,CT,163.6,49.950448956657,1
1697,Rock Springs CT2,DPL,CT,163.0,49.950448956657,1
1698,Marsh Run CT 2,DOM,CT,159.3,51.658446511972,1
1699,Marsh Run CT 3,DOM,CT,161.0,51.658446511972,1
1700,Marsh Run CT 1,DOM,CT,161.0,51.658446511972,1
1701,Louisa CT 5,DOM,CT,158.0,55.458829643411,1
1702,Louisa CT 2,DOM,CT,77.0,55.458829643411,1
1703,Louisa CT 3,DOM,CT,77.3,55.458829643411,1
1704,Louisa CT 4,DOM,CT,77.2,55.458829643411,1
1705,Louisa CT 1,DOM,CT,76.5,55.458829643411,1
1706,Remington 3,DOM,CT,178.0,47.861313096868,1
1707,Remington 2,DOM,CT,178.0,47.861313096868,1
1708,Remington 1,DOM,CT,178.0,47.861313096868,1
1709,Remington 4,DOM,CT,178.0,47.861313096868,1
1710,Ladysmith GT 2,DOM,CT,178.0,47.0160477353006,1
1711,Ladysmith GT 1,DOM,CT,178.0,47.0160477353006,1
1712,Ladysmith GT 3,DOM,CT,159.8,47.0160477353006,1
1713,Ladysmith GT 4,DOM,CT,160.0,47.0160477353006,1
1714,Ladysmith GT 5,DOM,CT,160.6,47.0160477353006,1
1715,Mone 1,AEP,CT,175.1,51.987211009338004,1
1716,Mone 3,AEP,CT,175.1,51.987211009338004,1
1717,Mone 2,AEP,CT,170.0,51.987211009338004,1
1718,Amelia Landfill,DOM,DS,16.0,123.644444443,1
1719,Clayton 2,DPL,CT,51.0,60.692097863248996,1
1720,Clayton 1 (Beasley),DPL,CT,50.0,60.692097863248996,1
1725,Mickleton CT 1,AE,CT,79.0,76.80437416410099,1
1726,Three Mile Island 1,METED,NU,810.0,5.229563675,1
1727,Croydon 11,PSEG,CT,65.0,69.025153033986,1
1728,Croydon 21,PSEG,CT,60.0,69.025153033986,1
1729,Croydon 32,PSEG,CT,60.0,69.025153033986,1
1730,Croydon 12,PSEG,CT,65.0,69.025153033986,1
1731,Croydon 22,PSEG,CT,65.0,69.025153033986,1
1732,Croydon 31,PSEG,CT,65.0,69.025153033986,1
1733,Croydon 41,PSEG,CT,65.0,69.025153033986,1
1734,Croydon 42,PSEG,CT,59.0,69.025153033986,1
1737,Gavin 1,AEP,ST,1330.1,20.582456714400003,1
1738,Gavin 2,AEP,ST,1350.0,20.582456714400003,1
1739,Seneca 1,PENELEC,HD,234.0,0.0,1
1740,Seneca 3,PENELEC,HD,30.0,0.0,1
1741,Seneca 2,PENELEC,HD,218.0,0.0,1
1742,Cheswick 1,DLCO,ST,588.0,23.406339516,1
1743,Glen Gardner A3,JCPL,CT,26.0,47.903907160463,1
1744,Glen Gardner B8,JCPL,CT,26.0,47.903907160463,1
1745,Glen Gardner B6,JCPL,CT,26.0,47.903907160463,1
1746,Glen Gardner A4,JCPL,CT,26.0,47.903907160463,1
1747,Glen Gardner B7,JCPL,CT,26.0,47.903907160463,1
1748,Glen Gardner B5,JCPL,CT,26.0,47.903907160463,1
1749,Glen Gardner A2,JCPL,CT,26.0,47.903907160463,1
1750,Glen Gardner A1,JCPL,CT,26.0,47.903907160463,1
1751,E.D. Edwards 3,MISO,ST,364.0,21.358689282,1
1752,E.D. Edwards 1,MISO,ST,117.0,21.70291473,1
1753,E.D. Edwards 2,MISO,ST,273.0,21.358689282,1
1756,Coffeen 1,MISO,ST,340.0,23.925724221,1
1757,Coffeen 2,MISO,ST,584.1,23.925724221,1
1776,Dresden 3,COMED,NU,899.1,5.229563815,1
1777,Dresden 2,COMED,NU,902.0,5.229563815,1
1782,Joliet 6,COMED,ST,290.0,26.531428434000002,1
1784,Kincaid 1,MISO,ST,554.0,22.688213688,1
1785,Kincaid 2,MISO,ST,570.1,22.688213688,1
1788,Powerton 6,MISO,ST,769.0,25.036703643000003,1
1789,Powerton 5,MISO,ST,769.0,25.036703643000003,1
1790,Quad Cities 1,MISO,NU,908.0,5.229563855,1
1791,Quad Cities 2,MISO,NU,911.0,5.229563855,1
1796,Waukegan 7,COMED,ST,328.0,22.907013759,1
1797,Waukegan 32,COMED,CT,55.0,51.821119173753004,1
1799,Waukegan 31,COMED,CT,53.0,51.821119173753004,1
1800,Waukegan 8,COMED,ST,361.0,22.907013759,1
1801,Will County 4,COMED,ST,515.1,21.027066879000003,1
1803,Will County 3,COMED,ST,260.1,21.027066879000003,1
1805,Fisk 34,COMED,CT,50.0,78.19390350917399,1
1806,Fisk 33,COMED,CT,49.1,78.19390350917399,1
1808,Fisk 32,COMED,CT,55.0,78.19390350917399,1
1809,Fisk 31,COMED,CT,55.0,78.19390350917399,1
1810,Joppa 6,MISO,ST,167.0,23.015805603,1
1811,Joppa 5,MISO,ST,167.0,23.015805603,1
1812,Joppa 3,MISO,ST,167.0,23.015805603,1
1813,Joppa 2,MISO,ST,167.0,23.015805603,1
1814,Joppa 4,MISO,ST,173.0,23.015805603,1
1815,Joppa 1,MISO,ST,167.0,23.015805603,1
1818,Hennepin 2,COMED,ST,226.0,23.491971152999998,1
1819,Hennepin 1,COMED,ST,76.0,23.491971152999998,1
1828,Clifty Creek 6,MISO,ST,205.0,22.557757698,1
1829,Clifty Creek 4,MISO,ST,205.0,22.557757698,1
1830,Clifty Creek 3,MISO,ST,205.0,22.557757698,1
1831,Clifty Creek 5,MISO,ST,205.0,22.557757698,1
1832,Clifty Creek 1,MISO,ST,205.0,22.557757698,1
1833,Clifty Creek 2,MISO,ST,205.0,22.557757698,1
1834,Elkhart 3,AEP,HD,1.0,0.0,1
1835,Elkhart 2,AEP,HD,1.0,0.0,1
1836,Elkhart 1,AEP,HD,1.4,0.0,1
1837,Tanners Ck 2,MISO,ST,145.1,21.70291473,1
1838,Tanners Ck 1,MISO,ST,145.0,21.70291473,1
1839,Tanners Ck 3,MISO,ST,203.1,21.70291473,1
1840,Tanners Ck 4,MISO,ST,500.0,21.70291473,1
1841,Twinbrnch 5,AEP,HD,1.0,0.0,1
1842,Twinbrnch 2,AEP,HD,1.0,0.0,1
1843,Twinbrnch 4,AEP,HD,1.0,0.0,1
1844,Twinbrnch 1,AEP,HD,1.0,0.0,1
1845,Twinbrnch 8,AEP,HD,1.0,0.0,1
1846,Twinbrnch 6,AEP,HD,1.0,0.0,1
1847,Twinbrnch 7,AEP,HD,1.0,0.0,1
1848,Twinbrnch 3,AEP,HD,1.0,0.0,1
1849,DR1,PECO,DR,10000.0,3500.0,0
1850,DR2,COMED,DR,10000.0,3500.0,0
1851,DR3,PEPCO,DR,10000.0,3500.0,0
1852,DR4,DOM,DR,10000.0,3500.0,0
1853,DR5,PPL,DR,10000.0,3500.0,0
